20,20,20,20,20,20,20,24,20,20
LEA;286;Plains;;;;;;;
LEA;287;Plains;;;;;;;
LEA;288;Island;;;;;;;
LEA;289;Island;;;;;;;
LEA;290;Swamp;;;;;;;
LEA;291;Swamp;;;;;;;
LEA;292;Mountain;;;;;;;
LEA;293;Mountain;;;;;;;
LEA;294;Forest;;;;;;;
LEA;295;Forest;;;;;;;
LEB;288;Plains;;;;;;;
LEB;289;Plains;;;;;;;
LEB;290;Plains;;;;;;;
LEB;291;Island;;;;;;;
LEB;292;Island;;;;;;;
LEB;293;Island;;;;;;;
LEB;294;Swamp;;;;;;;
LEB;295;Swamp;;;;;;;
LEB;296;Swamp;;;;;;;
LEB;297;Mountain;;;;;;;
LEB;298;Mountain;;;;;;;
LEB;299;Mountain;;;;;;;
LEB;300;Forest;;;;;;;
LEB;301;Forest;;;;;;;
LEB;302;Forest;;;;;;;
2ED;288;Plains;;;;;;;
2ED;289;Plains;;;;;;;
2ED;290;Plains;;;;;;;
2ED;291;Island;;;;;;;
2ED;292;Island;;;;;;;
2ED;293;Island;;;;;;;
2ED;294;Swamp;;;;;;;
2ED;295;Swamp;;;;;;;
2ED;296;Swamp;;;;;;;
2ED;297;Mountain;;;;;;;
2ED;298;Mountain;;;;;;;
2ED;299;Mountain;;;;;;;
2ED;300;Forest;;;;;;;
2ED;301;Forest;;;;;;;
2ED;302;Forest;;;;;;;
ARN;77;Mountain;;;;;;;
3ED;292;Plains;;;;;;;
3ED;293;Plains;;;;;;;
3ED;294;Plains;;;;;;;
3ED;295;Island;;;;;;;
3ED;296;Island;;;;;;;
3ED;297;Island;;;;;;;
3ED;298;Swamp;;;;;;;
3ED;299;Swamp;;;;;;;
3ED;300;Swamp;;;;;;;
3ED;301;Mountain;;;;;;;
3ED;302;Mountain;;;;;;;
3ED;303;Mountain;;;;;;;
3ED;304;Forest;;;;;;;
3ED;305;Forest;;;;;;;
3ED;306;Forest;;;;;;;
SUM;292;Plains;;;;;;;
SUM;293;Plains;;;;;;;
SUM;294;Plains;;;;;;;
SUM;295;Island;;;;;;;
SUM;296;Island;;;;;;;
SUM;297;Island;;;;;;;
SUM;298;Swamp;;;;;;;
SUM;299;Swamp;;;;;;;
SUM;300;Swamp;;;;;;;
SUM;301;Mountain;;;;;;;
SUM;302;Mountain;;;;;;;
SUM;303;Mountain;;;;;;;
SUM;304;Forest;;;;;;;
SUM;305;Forest;;;;;;;
SUM;306;Forest;;;;;;;
4ED;364;Plains;;;;;;;
4ED;365;Plains;;;;;;;
4ED;366;Plains;;;;;;;
4ED;367;Island;;;;;;;
4ED;368;Island;;;;;;;
4ED;369;Island;;;;;;;
4ED;370;Swamp;;;;;;;
4ED;371;Swamp;;;;;;;
4ED;372;Swamp;;;;;;;
4ED;373;Mountain;;;;;;;
4ED;374;Mountain;;;;;;;
4ED;375;Mountain;;;;;;;
4ED;376;Forest;;;;;;;
4ED;377;Forest;;;;;;;
4ED;378;Forest;;;;;;;
ICE;364;Plains;;;;;;;
ICE;365;Plains;;;;;;;
ICE;366;Plains;;;;;;;
ICE;367;Snow-Covered Plains;;;;;;;
ICE;368;Island;;;;;;;
ICE;369;Island;;;;;;;
ICE;370;Island;;;;;;;
ICE;371;Snow-Covered Island;;;;;;;
ICE;372;Snow-Covered Swamp;;;;;;;
ICE;373;Swamp;;;;;;;
ICE;374;Swamp;;;;;;;
ICE;375;Swamp;;;;;;;
ICE;376;Mountain;;;;;;;
ICE;377;Mountain;;;;;;;
ICE;378;Mountain;;;;;;;
ICE;379;Snow-Covered Mountain;;;;;;;
ICE;380;Forest;;;;;;;
ICE;381;Forest;;;;;;;
ICE;382;Forest;;;;;;;
ICE;383;Snow-Covered Forest;;;;;;;
RQS;52;Plains;;;;;;;
RQS;53;Plains;;;;;;;
RQS;54;Plains;;;;;;;
RQS;55;Island;;;;;;;
RQS;56;Island;;;;;;;
RQS;57;Swamp;;;;;;;
RQS;58;Swamp;;;;;;;
RQS;59;Swamp;;;;;;;
RQS;60;Mountain;;;;;;;
RQS;61;Mountain;;;;;;;
RQS;62;Mountain;;;;;;;
RQS;63;Forest;;;;;;;
RQS;64;Forest;;;;;;;
RQS;65;Forest;;;;;;;
PARL;1;Plains;;;;;;;
PARL;2;Island;;;;;;;
PARL;3;Swamp;;;;;;;
PARL;4;Mountain;;;;;;;
PARL;5;Forest;;;;;;;
MIR;331;Plains;;;;;;;
MIR;332;Plains;;;;;;;
MIR;333;Plains;;;;;;;
MIR;334;Plains;;;;;;;
MIR;335;Island;;;;;;;
MIR;336;Island;;;;;;;
MIR;337;Island;;;;;;;
MIR;338;Island;;;;;;;
MIR;339;Swamp;;;;;;;
MIR;340;Swamp;;;;;;;
MIR;341;Swamp;;;;;;;
MIR;342;Swamp;;;;;;;
MIR;343;Mountain;;;;;;;
MIR;344;Mountain;;;;;;;
MIR;345;Mountain;;;;;;;
MIR;346;Mountain;;;;;;;
MIR;347;Forest;;;;;;;
MIR;348;Forest;;;;;;;
MIR;349;Forest;;;;;;;
MIR;350;Forest;;;;;;;
ITP;53;Plains;;;;;;;
ITP;54;Plains;;;;;;;
ITP;55;Plains;;;;;;;
ITP;56;Island;;;;;;;
ITP;57;Island;;;;;;;
ITP;58;Island;;;;;;;
ITP;59;Swamp;;;;;;;
ITP;60;Swamp;;;;;;;
ITP;61;Swamp;;;;;;;
ITP;62;Mountain;;;;;;;
ITP;63;Mountain;;;;;;;
ITP;64;Mountain;;;;;;;
ITP;65;Forest;;;;;;;
ITP;66;Forest;;;;;;;
ITP;67;Forest;;;;;;;
5ED;430;Plains;;;;;;;
5ED;431;Plains;;;;;;;
5ED;432;Plains;;;;;;;
5ED;433;Plains;;;;;;;
5ED;434;Island;;;;;;;
5ED;435;Island;;;;;;;
5ED;436;Island;;;;;;;
5ED;437;Island;;;;;;;
5ED;438;Swamp;;;;;;;
5ED;439;Swamp;;;;;;;
5ED;440;Swamp;;;;;;;
5ED;441;Swamp;;;;;;;
5ED;442;Mountain;;;;;;;
5ED;443;Mountain;;;;;;;
5ED;444;Mountain;;;;;;;
5ED;445;Mountain;;;;;;;
5ED;446;Forest;;;;;;;
5ED;447;Forest;;;;;;;
5ED;448;Forest;;;;;;;
5ED;449;Forest;;;;;;;
POR;196;Plains;;;;;;;
POR;197;Plains;;;;;;;
POR;198;Plains;;;;;;;
POR;199;Plains;;;;;;;
POR;200;Island;;;;;;;
POR;201;Island;;;;;;;
POR;202;Island;;;;;;;
POR;203;Island;;;;;;;
POR;204;Swamp;;;;;;;
POR;205;Swamp;;;;;;;
POR;206;Swamp;;;;;;;
POR;207;Swamp;;;;;;;
POR;208;Mountain;;;;;;;
POR;209;Mountain;;;;;;;
POR;210;Mountain;;;;;;;
POR;211;Mountain;;;;;;;
POR;212;Forest;;;;;;;
POR;213;Forest;;;;;;;
POR;214;Forest;;;;;;;
POR;215;Forest;;;;;;;
TMP;331;Plains;;;;;;;
TMP;332;Plains;;;;;;;
TMP;333;Plains;;;;;;;
TMP;334;Plains;;;;;;;
TMP;335;Island;;;;;;;
TMP;336;Island;;;;;;;
TMP;337;Island;;;;;;;
TMP;338;Island;;;;;;;
TMP;339;Swamp;;;;;;;
TMP;340;Swamp;;;;;;;
TMP;341;Swamp;;;;;;;
TMP;342;Swamp;;;;;;;
TMP;343;Mountain;;;;;;;
TMP;344;Mountain;;;;;;;
TMP;345;Mountain;;;;;;;
TMP;346;Mountain;;;;;;;
TMP;347;Forest;;;;;;;
TMP;348;Forest;;;;;;;
TMP;349;Forest;;;;;;;
TMP;350;Forest;;;;;;;
P02;151;Plains;;;;;;;
P02;152;Plains;;;;;;;
P02;153;Plains;;;;;;;
P02;154;Island;;;;;;;
P02;155;Island;;;;;;;
P02;156;Island;;;;;;;
P02;157;Swamp;;;;;;;
P02;158;Swamp;;;;;;;
P02;159;Swamp;;;;;;;
P02;160;Mountain;;;;;;;
P02;161;Mountain;;;;;;;
P02;162;Mountain;;;;;;;
P02;163;Forest;;;;;;;
P02;164;Forest;;;;;;;
P02;165;Forest;;;;;;;
UGL;84;Plains;;;;;;;
UGL;85;Island;;;;;;;
UGL;86;Swamp;;;;;;;
UGL;87;Mountain;;;;;;;
UGL;88;Forest;;;;;;;
PALP;1;Forest;;;;;;;
PALP;2;Island;;;;;;;
PALP;3;Mountain;;;;;;;
PALP;4;Plains;;;;;;;
PALP;5;Swamp;;;;;;;
PALP;6;Forest;;;;;;;
PALP;7;Island;;;;;;;
PALP;8;Mountain;;;;;;;
PALP;9;Plains;;;;;;;
PALP;10;Swamp;;;;;;;
PALP;11;Forest;;;;;;;
PALP;12;Island;;;;;;;
PALP;13;Mountain;;;;;;;
PALP;14;Plains;;;;;;;
PALP;15;Swamp;;;;;;;
USG;331;Plains;;;;;;;
USG;332;Plains;;;;;;;
USG;333;Plains;;;;;;;
USG;334;Plains;;;;;;;
USG;335;Island;;;;;;;
USG;336;Island;;;;;;;
USG;337;Island;;;;;;;
USG;338;Island;;;;;;;
USG;339;Swamp;;;;;;;
USG;340;Swamp;;;;;;;
USG;341;Swamp;;;;;;;
USG;342;Swamp;;;;;;;
USG;343;Mountain;;;;;;;
USG;344;Mountain;;;;;;;
USG;345;Mountain;;;;;;;
USG;346;Mountain;;;;;;;
USG;347;Forest;;;;;;;
USG;348;Forest;;;;;;;
USG;349;Forest;;;;;;;
USG;350;Forest;;;;;;;
ATH;78;Plains;;;;;;;
ATH;79;Plains;;;;;;;
ATH;80;Swamp;;;;;;;
ATH;81;Swamp;;;;;;;
ATH;82;Mountain;;;;;;;
ATH;83;Mountain;;;;;;;
ATH;84;Forest;;;;;;;
ATH;85;Forest;;;;;;;
PAL99;1;Forest;;;;;;;
PAL99;3;Island;;;;;;;
PAL99;5;Mountain;;;;;;;
PAL99;7;Plains;;;;;;;
PAL99;9;Swamp;;;;;;;
6ED;331;Plains;;;;;;;
6ED;332;Plains;;;;;;;
6ED;333;Plains;;;;;;;
6ED;334;Plains;;;;;;;
6ED;335;Island;;;;;;;
6ED;336;Island;;;;;;;
6ED;337;Island;;;;;;;
6ED;338;Island;;;;;;;
6ED;339;Swamp;;;;;;;
6ED;340;Swamp;;;;;;;
6ED;341;Swamp;;;;;;;
6ED;342;Swamp;;;;;;;
6ED;343;Mountain;;;;;;;
6ED;344;Mountain;;;;;;;
6ED;345;Mountain;;;;;;;
6ED;346;Mountain;;;;;;;
6ED;347;Forest;;;;;;;
6ED;348;Forest;;;;;;;
6ED;349;Forest;;;;;;;
6ED;350;Forest;;;;;;;
S99;154;Plains;;;;;;;
S99;155;Plains;;;;;;;
S99;156;Plains;;;;;;;
S99;157;Plains;;;;;;;
S99;158;Island;;;;;;;
S99;159;Island;;;;;;;
S99;160;Island;;;;;;;
S99;161;Island;;;;;;;
S99;162;Swamp;;;;;;;
S99;163;Swamp;;;;;;;
S99;164;Swamp;;;;;;;
S99;165;Swamp;;;;;;;
S99;166;Mountain;;;;;;;
S99;167;Mountain;;;;;;;
S99;168;Mountain;;;;;;;
S99;169;Mountain;;;;;;;
S99;170;Forest;;;;;;;
S99;171;Forest;;;;;;;
S99;172;Forest;;;;;;;
S99;173;Forest;;;;;;;
PTK;166;Plains;;;;;;;
PTK;167;Plains;;;;;;;
PTK;168;Plains;;;;;;;
PTK;169;Island;;;;;;;
PTK;170;Island;;;;;;;
PTK;171;Island;;;;;;;
PTK;172;Swamp;;;;;;;
PTK;173;Swamp;;;;;;;
PTK;174;Swamp;;;;;;;
PTK;175;Mountain;;;;;;;
PTK;176;Mountain;;;;;;;
PTK;177;Mountain;;;;;;;
PTK;178;Forest;;;;;;;
PTK;179;Forest;;;;;;;
PTK;180;Forest;;;;;;;
PGRU;1;Plains;;;;;;;
PGRU;2;Island;;;;;;;
PGRU;3;Swamp;;;;;;;
PGRU;4;Mountain;;;;;;;
PGRU;5;Forest;;;;;;;
MMQ;331;Plains;;;;;;;
MMQ;332;Plains;;;;;;;
MMQ;333;Plains;;;;;;;
MMQ;334;Plains;;;;;;;
MMQ;335;Island;;;;;;;
MMQ;336;Island;;;;;;;
MMQ;337;Island;;;;;;;
MMQ;338;Island;;;;;;;
MMQ;339;Swamp;;;;;;;
MMQ;340;Swamp;;;;;;;
MMQ;341;Swamp;;;;;;;
MMQ;342;Swamp;;;;;;;
MMQ;343;Mountain;;;;;;;
MMQ;344;Mountain;;;;;;;
MMQ;345;Mountain;;;;;;;
MMQ;346;Mountain;;;;;;;
MMQ;347;Forest;;;;;;;
MMQ;348;Forest;;;;;;;
MMQ;349;Forest;;;;;;;
MMQ;350;Forest;;;;;;;
BRB;101;Forest;;;;;;;
BRB;102;Forest;;;;;;;
BRB;103;Forest;;;;;;;
BRB;104;Forest;;;;;;;
BRB;105;Forest;;;;;;;
BRB;106;Forest;;;;;;;
BRB;107;Forest;;;;;;;
BRB;108;Forest;;;;;;;
BRB;109;Forest;;;;;;;
BRB;110;Island;;;;;;;
BRB;111;Island;;;;;;;
BRB;112;Island;;;;;;;
BRB;113;Island;;;;;;;
BRB;114;Island;;;;;;;
BRB;115;Mountain;;;;;;;
BRB;116;Mountain;;;;;;;
BRB;117;Mountain;;;;;;;
BRB;118;Mountain;;;;;;;
BRB;119;Mountain;;;;;;;
BRB;120;Mountain;;;;;;;
BRB;121;Mountain;;;;;;;
BRB;122;Mountain;;;;;;;
BRB;123;Mountain;;;;;;;
BRB;124;Plains;;;;;;;
BRB;125;Plains;;;;;;;
BRB;126;Plains;;;;;;;
BRB;127;Plains;;;;;;;
BRB;128;Plains;;;;;;;
BRB;129;Plains;;;;;;;
BRB;130;Plains;;;;;;;
BRB;131;Plains;;;;;;;
BRB;132;Plains;;;;;;;
BRB;133;Swamp;;;;;;;
BRB;134;Swamp;;;;;;;
BRB;135;Swamp;;;;;;;
BRB;136;Swamp;;;;;;;
PAL00;8;Plains;;;;;;;
PAL00;9;Island;;;;;;;
PAL00;10;Swamp;;;;;;;
PAL00;11;Mountain;;;;;;;
PAL00;12;Forest;;;;;;;
PELP;1;Forest;;;;;;;
PELP;2;Island;;;;;;;
PELP;3;Mountain;;;;;;;
PELP;4;Plains;;;;;;;
PELP;5;Swamp;;;;;;;
PELP;6;Forest;;;;;;;
PELP;7;Island;;;;;;;
PELP;8;Mountain;;;;;;;
PELP;9;Plains;;;;;;;
PELP;10;Swamp;;;;;;;
PELP;11;Forest;;;;;;;
PELP;12;Island;;;;;;;
PELP;13;Mountain;;;;;;;
PELP;14;Plains;;;;;;;
PELP;15;Swamp;;;;;;;
BTD;79;Island;;;;;;;
BTD;80;Island;;;;;;;
BTD;81;Island;;;;;;;
BTD;82;Swamp;;;;;;;
BTD;83;Swamp;;;;;;;
BTD;84;Swamp;;;;;;;
BTD;85;Mountain;;;;;;;
BTD;86;Mountain;;;;;;;
BTD;87;Mountain;;;;;;;
BTD;88;Forest;;;;;;;
BTD;89;Forest;;;;;;;
BTD;90;Forest;;;;;;;
INV;331;Plains;;;;;;;
INV;332;Plains;;;;;;;
INV;333;Plains;;;;;;;
INV;334;Plains;;;;;;;
INV;335;Island;;;;;;;
INV;336;Island;;;;;;;
INV;337;Island;;;;;;;
INV;338;Island;;;;;;;
INV;339;Swamp;;;;;;;
INV;340;Swamp;;;;;;;
INV;341;Swamp;;;;;;;
INV;342;Swamp;;;;;;;
INV;343;Mountain;;;;;;;
INV;344;Mountain;;;;;;;
INV;345;Mountain;;;;;;;
INV;346;Mountain;;;;;;;
INV;347;Forest;;;;;;;
INV;348;Forest;;;;;;;
INV;349;Forest;;;;;;;
INV;350;Forest;;;;;;;
PAL01;1;Forest;;;;;;;
PAL01;3;Island;;;;;;;
PAL01;5;Mountain;;;;;;;
PAL01;7;Plains;;;;;;;
PAL01;9;Swamp;;;;;;;
PAL01;11;Forest;;;;;;;
7ED;328;Forest;;;;;;;
7ED;329;Forest;;;;;;;
7ED;330;Forest;;;;;;;
7ED;331;Forest;;;;;;;
7ED;332;Island;;;;;;;
7ED;333;Island;;;;;;;
7ED;334;Island;;;;;;;
7ED;335;Island;;;;;;;
7ED;337;Mountain;;;;;;;
7ED;338;Mountain;;;;;;;
7ED;339;Mountain;;;;;;;
7ED;340;Mountain;;;;;;;
7ED;341;Plains;;;;;;;
7ED;342;Plains;;;;;;;
7ED;343;Plains;;;;;;;
7ED;344;Plains;;;;;;;
7ED;346;Swamp;;;;;;;
7ED;347;Swamp;;;;;;;
7ED;348;Swamp;;;;;;;
7ED;349;Swamp;;;;;;;
ODY;331;Plains;;;;;;;
ODY;332;Plains;;;;;;;
ODY;333;Plains;;;;;;;
ODY;334;Plains;;;;;;;
ODY;335;Island;;;;;;;
ODY;336;Island;;;;;;;
ODY;337;Island;;;;;;;
ODY;338;Island;;;;;;;
ODY;339;Swamp;;;;;;;
ODY;340;Swamp;;;;;;;
ODY;341;Swamp;;;;;;;
ODY;342;Swamp;;;;;;;
ODY;343;Mountain;;;;;;;
ODY;344;Mountain;;;;;;;
ODY;345;Mountain;;;;;;;
ODY;346;Mountain;;;;;;;
ODY;347;Forest;;;;;;;
ODY;348;Forest;;;;;;;
ODY;349;Forest;;;;;;;
ODY;350;Forest;;;;;;;
DKM;42;Swamp;;;;;;;
DKM;43;Swamp;;;;;;;
DKM;44;Swamp;;;;;;;
DKM;45;Mountain;;;;;;;
DKM;46;Mountain;;;;;;;
DKM;47;Mountain;;;;;;;
DKM;48;Forest;;;;;;;
DKM;49;Forest;;;;;;;
DKM;50;Forest;;;;;;;
PAL02;1;Island;;;;;;;
ONS;331;Plains;;;;;;;
ONS;332;Plains;;;;;;;
ONS;333;Plains;;;;;;;
ONS;334;Plains;;;;;;;
ONS;335;Island;;;;;;;
ONS;336;Island;;;;;;;
ONS;337;Island;;;;;;;
ONS;338;Island;;;;;;;
ONS;339;Swamp;;;;;;;
ONS;340;Swamp;;;;;;;
ONS;341;Swamp;;;;;;;
ONS;342;Swamp;;;;;;;
ONS;343;Mountain;;;;;;;
ONS;344;Mountain;;;;;;;
ONS;345;Mountain;;;;;;;
ONS;346;Mountain;;;;;;;
ONS;347;Forest;;;;;;;
ONS;348;Forest;;;;;;;
ONS;349;Forest;;;;;;;
ONS;350;Forest;;;;;;;
PAL03;1;Plains;;;;;;;
PAL03;2;Island;;;;;;;
PAL03;3;Swamp;;;;;;;
PAL03;4;Mountain;;;;;;;
PAL03;5;Forest;;;;;;;
8ED;331;Plains;;;;;;;
8ED;332;Plains;;;;;;;
8ED;333;Plains;;;;;;;
8ED;334;Plains;;;;;;;
8ED;335;Island;;;;;;;
8ED;336;Island;;;;;;;
8ED;337;Island;;;;;;;
8ED;338;Island;;;;;;;
8ED;339;Swamp;;;;;;;
8ED;340;Swamp;;;;;;;
8ED;341;Swamp;;;;;;;
8ED;342;Swamp;;;;;;;
8ED;343;Mountain;;;;;;;
8ED;344;Mountain;;;;;;;
8ED;345;Mountain;;;;;;;
8ED;346;Mountain;;;;;;;
8ED;347;Forest;;;;;;;
8ED;348;Forest;;;;;;;
8ED;349;Forest;;;;;;;
8ED;350;Forest;;;;;;;
MRD;287;Plains;;;;;;;
MRD;288;Plains;;;;;;;
MRD;289;Plains;;;;;;;
MRD;290;Plains;;;;;;;
MRD;291;Island;;;;;;;
MRD;292;Island;;;;;;;
MRD;293;Island;;;;;;;
MRD;294;Island;;;;;;;
MRD;295;Swamp;;;;;;;
MRD;296;Swamp;;;;;;;
MRD;297;Swamp;;;;;;;
MRD;298;Swamp;;;;;;;
MRD;299;Mountain;;;;;;;
MRD;300;Mountain;;;;;;;
MRD;301;Mountain;;;;;;;
MRD;302;Mountain;;;;;;;
MRD;303;Forest;;;;;;;
MRD;304;Forest;;;;;;;
MRD;305;Forest;;;;;;;
MRD;306;Forest;;;;;;;
PAL04;1;Plains;;;;;;;
PAL04;2;Island;;;;;;;
PAL04;3;Swamp;;;;;;;
PAL04;4;Mountain;;;;;;;
PAL04;5;Forest;;;;;;;
CHK;287;Plains;;;;;;;
CHK;288;Plains;;;;;;;
CHK;289;Plains;;;;;;;
CHK;290;Plains;;;;;;;
CHK;291;Island;;;;;;;
CHK;292;Island;;;;;;;
CHK;293;Island;;;;;;;
CHK;294;Island;;;;;;;
CHK;295;Swamp;;;;;;;
CHK;296;Swamp;;;;;;;
CHK;297;Swamp;;;;;;;
CHK;298;Swamp;;;;;;;
CHK;299;Mountain;;;;;;;
CHK;300;Mountain;;;;;;;
CHK;301;Mountain;;;;;;;
CHK;302;Mountain;;;;;;;
CHK;303;Forest;;;;;;;
CHK;304;Forest;;;;;;;
CHK;305;Forest;;;;;;;
CHK;306;Forest;;;;;;;
UNH;136;Plains;;;;;;;
UNH;137;Island;;;;;;;
UNH;138;Swamp;;;;;;;
UNH;139;Mountain;;;;;;;
UNH;140;Forest;;;;;;;
PAL05;1;Plains;;;;;;;
PAL05;2;Island;;;;;;;
PAL05;3;Swamp;;;;;;;
PAL05;4;Mountain;;;;;;;
PAL05;5;Forest;;;;;;;
9ED;331;Plains;;;;;;;
9ED;332;Plains;;;;;;;
9ED;333;Plains;;;;;;;
9ED;334;Plains;;;;;;;
9ED;335;Island;;;;;;;
9ED;336;Island;;;;;;;
9ED;337;Island;;;;;;;
9ED;338;Island;;;;;;;
9ED;339;Swamp;;;;;;;
9ED;340;Swamp;;;;;;;
9ED;341;Swamp;;;;;;;
9ED;342;Swamp;;;;;;;
9ED;343;Mountain;;;;;;;
9ED;344;Mountain;;;;;;;
9ED;345;Mountain;;;;;;;
9ED;346;Mountain;;;;;;;
9ED;347;Forest;;;;;;;
9ED;348;Forest;;;;;;;
9ED;349;Forest;;;;;;;
9ED;350;Forest;;;;;;;
RAV;287;Plains;;;;;;;
RAV;288;Plains;;;;;;;
RAV;289;Plains;;;;;;;
RAV;290;Plains;;;;;;;
RAV;291;Island;;;;;;;
RAV;292;Island;;;;;;;
RAV;293;Island;;;;;;;
RAV;294;Island;;;;;;;
RAV;295;Swamp;;;;;;;
RAV;296;Swamp;;;;;;;
RAV;297;Swamp;;;;;;;
RAV;298;Swamp;;;;;;;
RAV;299;Mountain;;;;;;;
RAV;300;Mountain;;;;;;;
RAV;301;Mountain;;;;;;;
RAV;302;Mountain;;;;;;;
RAV;303;Forest;;;;;;;
RAV;304;Forest;;;;;;;
RAV;305;Forest;;;;;;;
RAV;306;Forest;;;;;;;
PHUK;8;Swamp;;;;;;;
PHUK;9;Swamp;;;;;;;
PHUK;10;Swamp;;;;;;;
PHUK;11;Swamp;;;;;;;
PHUK;12;Swamp;;;;;;;
PHUK;20;Swamp;;;;;;;
PHUK;21;Swamp;;;;;;;
PHUK;22;Swamp;;;;;;;
PHUK;23;Swamp;;;;;;;
PHUK;24;Swamp;;;;;;;
PHUK;32;Swamp;;;;;;;
PHUK;33;Swamp;;;;;;;
PHUK;34;Swamp;;;;;;;
PHUK;35;Swamp;;;;;;;
PHUK;36;Swamp;;;;;;;
PHUK;45;Swamp;;;;;;;
PHUK;46;Swamp;;;;;;;
PHUK;47;Swamp;;;;;;;
PHUK;48;Swamp;;;;;;;
PHUK;56;Swamp;;;;;;;
PHUK;57;Swamp;;;;;;;
PHUK;58;Swamp;;;;;;;
PHUK;59;Swamp;;;;;;;
PHUK;60;Swamp;;;;;;;
PAL06;1;Plains;;;;;;;
PAL06;2;Island;;;;;;;
PAL06;3;Swamp;;;;;;;
PAL06;4;Mountain;;;;;;;
PAL06;5;Forest;;;;;;;
CSP;151;Snow-Covered Plains;;;;;;;
CSP;152;Snow-Covered Island;;;;;;;
CSP;153;Snow-Covered Swamp;;;;;;;
CSP;154;Snow-Covered Mountain;;;;;;;
CSP;155;Snow-Covered Forest;;;;;;;
CST;369;Plains;;;;;;;
CST;370;Plains;;;;;;;
CST;371;Plains;;;;;;;
CST;372;Island;;;;;;;
CST;373;Island;;;;;;;
CST;374;Island;;;;;;;
CST;375;Swamp;;;;;;;
CST;376;Swamp;;;;;;;
CST;377;Swamp;;;;;;;
CST;378;Mountain;;;;;;;
CST;379;Mountain;;;;;;;
CST;380;Mountain;;;;;;;
CST;381;Forest;;;;;;;
CST;382;Forest;;;;;;;
CST;383;Forest;;;;;;;
TSP;282;Plains;;;;;;;
TSP;283;Plains;;;;;;;
TSP;284;Plains;;;;;;;
TSP;285;Plains;;;;;;;
TSP;286;Island;;;;;;;
TSP;287;Island;;;;;;;
TSP;288;Island;;;;;;;
TSP;289;Island;;;;;;;
TSP;290;Swamp;;;;;;;
TSP;291;Swamp;;;;;;;
TSP;292;Swamp;;;;;;;
TSP;293;Swamp;;;;;;;
TSP;294;Mountain;;;;;;;
TSP;295;Mountain;;;;;;;
TSP;296;Mountain;;;;;;;
TSP;297;Mountain;;;;;;;
TSP;298;Forest;;;;;;;
TSP;299;Forest;;;;;;;
TSP;300;Forest;;;;;;;
TSP;301;Forest;;;;;;;
10E;364;Plains;;;;;;;
10E;365;Plains;;;;;;;
10E;366;Plains;;;;;;;
10E;367;Plains;;;;;;;
10E;368;Island;;;;;;;
10E;369;Island;;;;;;;
10E;370;Island;;;;;;;
10E;371;Island;;;;;;;
10E;372;Swamp;;;;;;;
10E;373;Swamp;;;;;;;
10E;374;Swamp;;;;;;;
10E;375;Swamp;;;;;;;
10E;376;Mountain;;;;;;;
10E;377;Mountain;;;;;;;
10E;378;Mountain;;;;;;;
10E;379;Mountain;;;;;;;
10E;380;Forest;;;;;;;
10E;381;Forest;;;;;;;
10E;382;Forest;;;;;;;
10E;383;Forest;;;;;;;
LRW;282;Plains;;;;;;;
LRW;283;Plains;;;;;;;
LRW;284;Plains;;;;;;;
LRW;285;Plains;;;;;;;
LRW;286;Island;;;;;;;
LRW;287;Island;;;;;;;
LRW;288;Island;;;;;;;
LRW;289;Island;;;;;;;
LRW;290;Swamp;;;;;;;
LRW;291;Swamp;;;;;;;
LRW;292;Swamp;;;;;;;
LRW;293;Swamp;;;;;;;
LRW;294;Mountain;;;;;;;
LRW;295;Mountain;;;;;;;
LRW;296;Mountain;;;;;;;
LRW;297;Mountain;;;;;;;
LRW;298;Forest;;;;;;;
LRW;299;Forest;;;;;;;
LRW;300;Forest;;;;;;;
LRW;301;Forest;;;;;;;
DD1;28;Forest;;;;;;;
DD1;29;Forest;;;;;;;
DD1;30;Forest;;;;;;;
DD1;31;Forest;;;;;;;
DD1;59;Mountain;;;;;;;
DD1;60;Mountain;;;;;;;
DD1;61;Mountain;;;;;;;
DD1;62;Mountain;;;;;;;
SHM;282;Plains;;;;;;;
SHM;283;Plains;;;;;;;
SHM;284;Plains;;;;;;;
SHM;285;Plains;;;;;;;
SHM;286;Island;;;;;;;
SHM;287;Island;;;;;;;
SHM;288;Island;;;;;;;
SHM;289;Island;;;;;;;
SHM;290;Swamp;;;;;;;
SHM;291;Swamp;;;;;;;
SHM;292;Swamp;;;;;;;
SHM;293;Swamp;;;;;;;
SHM;294;Mountain;;;;;;;
SHM;295;Mountain;;;;;;;
SHM;296;Mountain;;;;;;;
SHM;297;Mountain;;;;;;;
SHM;298;Forest;;;;;;;
SHM;299;Forest;;;;;;;
SHM;300;Forest;;;;;;;
SHM;301;Forest;;;;;;;
ALA;230;Plains;;;;;;;
ALA;231;Plains;;;;;;;
ALA;232;Plains;;;;;;;
ALA;233;Plains;;;;;;;
ALA;234;Island;;;;;;;
ALA;235;Island;;;;;;;
ALA;236;Island;;;;;;;
ALA;237;Island;;;;;;;
ALA;238;Swamp;;;;;;;
ALA;239;Swamp;;;;;;;
ALA;240;Swamp;;;;;;;
ALA;241;Swamp;;;;;;;
ALA;242;Mountain;;;;;;;
ALA;243;Mountain;;;;;;;
ALA;244;Mountain;;;;;;;
ALA;245;Mountain;;;;;;;
ALA;246;Forest;;;;;;;
ALA;247;Forest;;;;;;;
ALA;248;Forest;;;;;;;
ALA;249;Forest;;;;;;;
DD2;30;Island;;;;;;;
DD2;31;Island;;;;;;;
DD2;32;Island;;;;;;;
DD2;33;Island;;;;;;;
DD2;59;Mountain;;;;;;;
DD2;60;Mountain;;;;;;;
DD2;61;Mountain;;;;;;;
DD2;62;Mountain;;;;;;;
DDC;26;Plains;;;;;;;
DDC;27;Plains;;;;;;;
DDC;28;Plains;;;;;;;
DDC;29;Plains;;;;;;;
DDC;59;Swamp;;;;;;;
DDC;60;Swamp;;;;;;;
DDC;61;Swamp;;;;;;;
DDC;62;Swamp;;;;;;;
M10;230;Plains;;;;;;;
M10;231;Plains;;;;;;;
M10;232;Plains;;;;;;;
M10;233;Plains;;;;;;;
M10;234;Island;;;;;;;
M10;235;Island;;;;;;;
M10;236;Island;;;;;;;
M10;237;Island;;;;;;;
M10;238;Swamp;;;;;;;
M10;239;Swamp;;;;;;;
M10;240;Swamp;;;;;;;
M10;241;Swamp;;;;;;;
M10;242;Mountain;;;;;;;
M10;243;Mountain;;;;;;;
M10;244;Mountain;;;;;;;
M10;245;Mountain;;;;;;;
M10;246;Forest;;;;;;;
M10;247;Forest;;;;;;;
M10;248;Forest;;;;;;;
M10;249;Forest;;;;;;;
HOP;142;Plains;;;;;;;
HOP;143;Plains;;;;;;;
HOP;144;Plains;;;;;;;
HOP;145;Plains;;;;;;;
HOP;146;Plains;;;;;;;
HOP;147;Island;;;;;;;
HOP;148;Island;;;;;;;
HOP;149;Island;;;;;;;
HOP;150;Island;;;;;;;
HOP;151;Swamp;;;;;;;
HOP;152;Swamp;;;;;;;
HOP;153;Swamp;;;;;;;
HOP;154;Swamp;;;;;;;
HOP;155;Swamp;;;;;;;
HOP;156;Mountain;;;;;;;
HOP;157;Mountain;;;;;;;
HOP;158;Mountain;;;;;;;
HOP;159;Mountain;;;;;;;
HOP;160;Mountain;;;;;;;
HOP;161;Mountain;;;;;;;
HOP;162;Mountain;;;;;;;
HOP;163;Mountain;;;;;;;
HOP;164;Mountain;;;;;;;
HOP;165;Forest;;;;;;;
HOP;166;Forest;;;;;;;
HOP;167;Forest;;;;;;;
HOP;168;Forest;;;;;;;
HOP;169;Forest;;;;;;;
ZEN;230;Plains;;;;;;;
ZEN;230a;Plains;;;;;;;
ZEN;231;Plains;;;;;;;
ZEN;231a;Plains;;;;;;;
ZEN;232;Plains;;;;;;;
ZEN;232a;Plains;;;;;;;
ZEN;233;Plains;;;;;;;
ZEN;233a;Plains;;;;;;;
ZEN;234;Island;;;;;;;
ZEN;234a;Island;;;;;;;
ZEN;235;Island;;;;;;;
ZEN;235a;Island;;;;;;;
ZEN;236;Island;;;;;;;
ZEN;236a;Island;;;;;;;
ZEN;237;Island;;;;;;;
ZEN;237a;Island;;;;;;;
ZEN;238;Swamp;;;;;;;
ZEN;238a;Swamp;;;;;;;
ZEN;239;Swamp;;;;;;;
ZEN;239a;Swamp;;;;;;;
ZEN;240;Swamp;;;;;;;
ZEN;240a;Swamp;;;;;;;
ZEN;241;Swamp;;;;;;;
ZEN;241a;Swamp;;;;;;;
ZEN;242;Mountain;;;;;;;
ZEN;242a;Mountain;;;;;;;
ZEN;243;Mountain;;;;;;;
ZEN;243a;Mountain;;;;;;;
ZEN;244;Mountain;;;;;;;
ZEN;244a;Mountain;;;;;;;
ZEN;245;Mountain;;;;;;;
ZEN;245a;Mountain;;;;;;;
ZEN;246;Forest;;;;;;;
ZEN;246a;Forest;;;;;;;
ZEN;247;Forest;;;;;;;
ZEN;247a;Forest;;;;;;;
ZEN;248;Forest;;;;;;;
ZEN;248a;Forest;;;;;;;
ZEN;249;Forest;;;;;;;
ZEN;249a;Forest;;;;;;;
DDD;28;Forest;;;;;;;
DDD;29;Forest;;;;;;;
DDD;30;Forest;;;;;;;
DDD;31;Forest;;;;;;;
DDD;60;Swamp;;;;;;;
DDD;61;Swamp;;;;;;;
DDD;62;Swamp;;;;;;;
DDD;63;Swamp;;;;;;;
H09;37;Plains;;;;;;;
H09;38;Island;;;;;;;
H09;39;Swamp;;;;;;;
H09;40;Mountain;;;;;;;
H09;41;Forest;;;;;;;
DDE;32;Swamp;;;;;;;
DDE;33;Swamp;;;;;;;
DDE;34;Swamp;;;;;;;
DDE;35;Swamp;;;;;;;
DDE;67;Plains;;;;;;;
DDE;68;Island;;;;;;;
DDE;69;Mountain;;;;;;;
DDE;70;Forest;;;;;;;
DDE;71;Forest;;;;;;;
ROE;229;Plains;;;;;;;
ROE;230;Plains;;;;;;;
ROE;231;Plains;;;;;;;
ROE;232;Plains;;;;;;;
ROE;233;Island;;;;;;;
ROE;234;Island;;;;;;;
ROE;235;Island;;;;;;;
ROE;236;Island;;;;;;;
ROE;237;Swamp;;;;;;;
ROE;238;Swamp;;;;;;;
ROE;239;Swamp;;;;;;;
ROE;240;Swamp;;;;;;;
ROE;241;Mountain;;;;;;;
ROE;242;Mountain;;;;;;;
ROE;243;Mountain;;;;;;;
ROE;244;Mountain;;;;;;;
ROE;245;Forest;;;;;;;
ROE;246;Forest;;;;;;;
ROE;247;Forest;;;;;;;
ROE;248;Forest;;;;;;;
DPA;98;Island;;;;;;;
DPA;99;Island;;;;;;;
DPA;100;Island;;;;;;;
DPA;101;Island;;;;;;;
DPA;102;Swamp;;;;;;;
DPA;103;Swamp;;;;;;;
DPA;104;Swamp;;;;;;;
DPA;105;Swamp;;;;;;;
DPA;106;Mountain;;;;;;;
DPA;107;Mountain;;;;;;;
DPA;108;Mountain;;;;;;;
DPA;109;Mountain;;;;;;;
DPA;110;Forest;;;;;;;
DPA;111;Forest;;;;;;;
DPA;112;Forest;;;;;;;
DPA;113;Forest;;;;;;;
ARC;137;Plains;;;;;;;
ARC;138;Plains;;;;;;;
ARC;139;Island;;;;;;;
ARC;140;Island;;;;;;;
ARC;141;Island;;;;;;;
ARC;142;Swamp;;;;;;;
ARC;143;Swamp;;;;;;;
ARC;144;Swamp;;;;;;;
ARC;145;Mountain;;;;;;;
ARC;146;Mountain;;;;;;;
ARC;147;Mountain;;;;;;;
ARC;148;Forest;;;;;;;
ARC;149;Forest;;;;;;;
ARC;150;Forest;;;;;;;
M11;230;Plains;;;;;;;
M11;231;Plains;;;;;;;
M11;232;Plains;;;;;;;
M11;233;Plains;;;;;;;
M11;234;Island;;;;;;;
M11;235;Island;;;;;;;
M11;236;Island;;;;;;;
M11;237;Island;;;;;;;
M11;238;Swamp;;;;;;;
M11;239;Swamp;;;;;;;
M11;240;Swamp;;;;;;;
M11;241;Swamp;;;;;;;
M11;242;Mountain;;;;;;;
M11;243;Mountain;;;;;;;
M11;244;Mountain;;;;;;;
M11;245;Mountain;;;;;;;
M11;246;Forest;;;;;;;
M11;247;Forest;;;;;;;
M11;248;Forest;;;;;;;
M11;249;Forest;;;;;;;
DDF;35;Plains;;;;;;;
DDF;36;Plains;;;;;;;
DDF;37;Plains;;;;;;;
DDF;38;Plains;;;;;;;
DDF;76;Island;;;;;;;
DDF;77;Island;;;;;;;
DDF;78;Island;;;;;;;
DDF;79;Island;;;;;;;
SOM;230;Plains;;;;;;;
SOM;231;Plains;;;;;;;
SOM;232;Plains;;;;;;;
SOM;233;Plains;;;;;;;
SOM;234;Island;;;;;;;
SOM;235;Island;;;;;;;
SOM;236;Island;;;;;;;
SOM;237;Island;;;;;;;
SOM;238;Swamp;;;;;;;
SOM;239;Swamp;;;;;;;
SOM;240;Swamp;;;;;;;
SOM;241;Swamp;;;;;;;
SOM;242;Mountain;;;;;;;
SOM;243;Mountain;;;;;;;
SOM;244;Mountain;;;;;;;
SOM;245;Mountain;;;;;;;
SOM;246;Forest;;;;;;;
SOM;247;Forest;;;;;;;
SOM;248;Forest;;;;;;;
SOM;249;Forest;;;;;;;
PD2;31;Mountain;;;;;;;
PD2;32;Mountain;;;;;;;
PD2;33;Mountain;;;;;;;
PD2;34;Mountain;;;;;;;
MBS;146;Plains;;;;;;;
MBS;147;Plains;;;;;;;
MBS;148;Island;;;;;;;
MBS;149;Island;;;;;;;
MBS;150;Swamp;;;;;;;
MBS;151;Swamp;;;;;;;
MBS;152;Mountain;;;;;;;
MBS;153;Mountain;;;;;;;
MBS;154;Forest;;;;;;;
MBS;155;Forest;;;;;;;
DDG;39;Plains;;;;;;;
DDG;40;Plains;;;;;;;
DDG;41;Plains;;;;;;;
DDG;42;Plains;;;;;;;
DDG;43;Forest;;;;;;;
DDG;44;Forest;;;;;;;
DDG;45;Forest;;;;;;;
DDG;46;Forest;;;;;;;
DDG;78;Mountain;;;;;;;
DDG;79;Mountain;;;;;;;
DDG;80;Mountain;;;;;;;
DDG;81;Mountain;;;;;;;
NPH;166;Plains;;;;;;;
NPH;167;Plains;;;;;;;
NPH;168;Island;;;;;;;
NPH;169;Island;;;;;;;
NPH;170;Swamp;;;;;;;
NPH;171;Swamp;;;;;;;
NPH;172;Mountain;;;;;;;
NPH;173;Mountain;;;;;;;
NPH;174;Forest;;;;;;;
NPH;175;Forest;;;;;;;
CMD;299;Plains;;;;;;;
CMD;300;Plains;;;;;;;
CMD;301;Plains;;;;;;;
CMD;302;Plains;;;;;;;
CMD;303;Island;;;;;;;
CMD;304;Island;;;;;;;
CMD;305;Island;;;;;;;
CMD;306;Island;;;;;;;
CMD;307;Swamp;;;;;;;
CMD;308;Swamp;;;;;;;
CMD;309;Swamp;;;;;;;
CMD;310;Swamp;;;;;;;
CMD;311;Mountain;;;;;;;
CMD;312;Mountain;;;;;;;
CMD;313;Mountain;;;;;;;
CMD;314;Mountain;;;;;;;
CMD;315;Forest;;;;;;;
CMD;316;Forest;;;;;;;
CMD;317;Forest;;;;;;;
CMD;318;Forest;;;;;;;
M12;230;Plains;;;;;;;
M12;231;Plains;;;;;;;
M12;232;Plains;;;;;;;
M12;233;Plains;;;;;;;
M12;234;Island;;;;;;;
M12;235;Island;;;;;;;
M12;236;Island;;;;;;;
M12;237;Island;;;;;;;
M12;238;Swamp;;;;;;;
M12;239;Swamp;;;;;;;
M12;240;Swamp;;;;;;;
M12;241;Swamp;;;;;;;
M12;242;Mountain;;;;;;;
M12;243;Mountain;;;;;;;
M12;244;Mountain;;;;;;;
M12;245;Mountain;;;;;;;
M12;246;Forest;;;;;;;
M12;247;Forest;;;;;;;
M12;248;Forest;;;;;;;
M12;249;Forest;;;;;;;
DDH;38;Forest;;;;;;;
DDH;39;Forest;;;;;;;
DDH;40;Plains;;;;;;;
DDH;41;Mountain;;;;;;;
DDH;77;Swamp;;;;;;;
DDH;78;Swamp;;;;;;;
DDH;79;Island;;;;;;;
DDH;80;Mountain;;;;;;;
ISD;250;Plains;;;;;;;
ISD;251;Plains;;;;;;;
ISD;252;Plains;;;;;;;
ISD;253;Island;;;;;;;
ISD;254;Island;;;;;;;
ISD;255;Island;;;;;;;
ISD;256;Swamp;;;;;;;
ISD;257;Swamp;;;;;;;
ISD;258;Swamp;;;;;;;
ISD;259;Mountain;;;;;;;
ISD;260;Mountain;;;;;;;
ISD;261;Mountain;;;;;;;
ISD;262;Forest;;;;;;;
ISD;263;Forest;;;;;;;
ISD;264;Forest;;;;;;;
PD3;27;Swamp;;;;;;;
PD3;28;Swamp;;;;;;;
PD3;29;Swamp;;;;;;;
PD3;30;Swamp;;;;;;;
DDI;38;Plains;;;;;;;
DDI;39;Plains;;;;;;;
DDI;40;Plains;;;;;;;
DDI;41;Island;;;;;;;
DDI;42;Island;;;;;;;
DDI;43;Island;;;;;;;
DDI;74;Mountain;;;;;;;
DDI;75;Mountain;;;;;;;
DDI;76;Mountain;;;;;;;
DDI;77;Mountain;;;;;;;
AVR;230;Plains;;;;;;;
AVR;231;Plains;;;;;;;
AVR;232;Plains;;;;;;;
AVR;233;Island;;;;;;;
AVR;234;Island;;;;;;;
AVR;235;Island;;;;;;;
AVR;236;Swamp;;;;;;;
AVR;237;Swamp;;;;;;;
AVR;238;Swamp;;;;;;;
AVR;239;Mountain;;;;;;;
AVR;240;Mountain;;;;;;;
AVR;241;Mountain;;;;;;;
AVR;242;Forest;;;;;;;
AVR;243;Forest;;;;;;;
AVR;244;Forest;;;;;;;
PC2;132;Plains;;;;;;;
PC2;133;Plains;;;;;;;
PC2;134;Plains;;;;;;;
PC2;135;Plains;;;;;;;
PC2;136;Plains;;;;;;;
PC2;137;Island;;;;;;;
PC2;138;Island;;;;;;;
PC2;139;Island;;;;;;;
PC2;140;Island;;;;;;;
PC2;141;Island;;;;;;;
PC2;142;Swamp;;;;;;;
PC2;143;Swamp;;;;;;;
PC2;144;Swamp;;;;;;;
PC2;145;Swamp;;;;;;;
PC2;146;Swamp;;;;;;;
PC2;147;Mountain;;;;;;;
PC2;148;Mountain;;;;;;;
PC2;149;Mountain;;;;;;;
PC2;150;Mountain;;;;;;;
PC2;151;Forest;;;;;;;
PC2;152;Forest;;;;;;;
PC2;153;Forest;;;;;;;
PC2;154;Forest;;;;;;;
PC2;155;Forest;;;;;;;
PC2;156;Forest;;;;;;;
M13;230;Plains;;;;;;;
M13;231;Plains;;;;;;;
M13;232;Plains;;;;;;;
M13;233;Plains;;;;;;;
M13;234;Island;;;;;;;
M13;235;Island;;;;;;;
M13;236;Island;;;;;;;
M13;237;Island;;;;;;;
M13;238;Swamp;;;;;;;
M13;239;Swamp;;;;;;;
M13;240;Swamp;;;;;;;
M13;241;Swamp;;;;;;;
M13;242;Mountain;;;;;;;
M13;243;Mountain;;;;;;;
M13;244;Mountain;;;;;;;
M13;245;Mountain;;;;;;;
M13;246;Forest;;;;;;;
M13;247;Forest;;;;;;;
M13;248;Forest;;;;;;;
M13;249;Forest;;;;;;;
DDJ;37;Island;;;;;;;
DDJ;38;Island;;;;;;;
DDJ;39;Island;;;;;;;
DDJ;40;Island;;;;;;;
DDJ;41;Mountain;;;;;;;
DDJ;42;Mountain;;;;;;;
DDJ;43;Mountain;;;;;;;
DDJ;44;Mountain;;;;;;;
DDJ;83;Swamp;;;;;;;
DDJ;84;Swamp;;;;;;;
DDJ;85;Swamp;;;;;;;
DDJ;86;Swamp;;;;;;;
DDJ;87;Forest;;;;;;;
DDJ;88;Forest;;;;;;;
DDJ;89;Forest;;;;;;;
DDJ;90;Forest;;;;;;;
RTR;250;Plains;;;;;;;
RTR;251;Plains;;;;;;;
RTR;252;Plains;;;;;;;
RTR;253;Plains;;;;;;;
RTR;254;Plains;;;;;;;
RTR;255;Island;;;;;;;
RTR;256;Island;;;;;;;
RTR;257;Island;;;;;;;
RTR;258;Island;;;;;;;
RTR;259;Island;;;;;;;
RTR;260;Swamp;;;;;;;
RTR;261;Swamp;;;;;;;
RTR;262;Swamp;;;;;;;
RTR;263;Swamp;;;;;;;
RTR;264;Swamp;;;;;;;
RTR;265;Mountain;;;;;;;
RTR;266;Mountain;;;;;;;
RTR;267;Mountain;;;;;;;
RTR;268;Mountain;;;;;;;
RTR;269;Mountain;;;;;;;
RTR;270;Forest;;;;;;;
RTR;271;Forest;;;;;;;
RTR;272;Forest;;;;;;;
RTR;273;Forest;;;;;;;
RTR;274;Forest;;;;;;;
DDK;35;Swamp;;;;;;;
DDK;36;Swamp;;;;;;;
DDK;37;Swamp;;;;;;;
DDK;38;Plains;;;;;;;
DDK;39;Plains;;;;;;;
DDK;40;Plains;;;;;;;
DDK;75;Mountain;;;;;;;
DDK;76;Mountain;;;;;;;
DDK;77;Mountain;;;;;;;
DDK;78;Swamp;;;;;;;
DDK;79;Swamp;;;;;;;
DDK;80;Swamp;;;;;;;
M14;230;Plains;;;;;;;
M14;231;Plains;;;;;;;
M14;232;Plains;;;;;;;
M14;233;Plains;;;;;;;
M14;234;Island;;;;;;;
M14;235;Island;;;;;;;
M14;236;Island;;;;;;;
M14;237;Island;;;;;;;
M14;238;Swamp;;;;;;;
M14;239;Swamp;;;;;;;
M14;240;Swamp;;;;;;;
M14;241;Swamp;;;;;;;
M14;242;Mountain;;;;;;;
M14;243;Mountain;;;;;;;
M14;244;Mountain;;;;;;;
M14;245;Mountain;;;;;;;
M14;246;Forest;;;;;;;
M14;247;Forest;;;;;;;
M14;248;Forest;;;;;;;
M14;249;Forest;;;;;;;
DDL;35;Mountain;;;;;;;
DDL;36;Mountain;;;;;;;
DDL;37;Mountain;;;;;;;
DDL;38;Mountain;;;;;;;
DDL;39;Plains;;;;;;;
DDL;40;Plains;;;;;;;
DDL;41;Plains;;;;;;;
DDL;42;Plains;;;;;;;
DDL;74;Mountain;;;;;;;
DDL;75;Mountain;;;;;;;
DDL;76;Mountain;;;;;;;
DDL;77;Mountain;;;;;;;
DDL;78;Forest;;;;;;;
DDL;79;Forest;;;;;;;
DDL;80;Forest;;;;;;;
DDL;81;Forest;;;;;;;
THS;230;Plains;;;;;;;
THS;231;Plains;;;;;;;
THS;232;Plains;;;;;;;
THS;233;Plains;;;;;;;
THS;234;Island;;;;;;;
THS;235;Island;;;;;;;
THS;236;Island;;;;;;;
THS;237;Island;;;;;;;
THS;238;Swamp;;;;;;;
THS;239;Swamp;;;;;;;
THS;240;Swamp;;;;;;;
THS;241;Swamp;;;;;;;
THS;242;Mountain;;;;;;;
THS;243;Mountain;;;;;;;
THS;244;Mountain;;;;;;;
THS;245;Mountain;;;;;;;
THS;246;Forest;;;;;;;
THS;247;Forest;;;;;;;
THS;248;Forest;;;;;;;
THS;249;Forest;;;;;;;
C13;337;Plains;;;;;;;
C13;338;Plains;;;;;;;
C13;339;Plains;;;;;;;
C13;340;Plains;;;;;;;
C13;341;Island;;;;;;;
C13;342;Island;;;;;;;
C13;343;Island;;;;;;;
C13;344;Island;;;;;;;
C13;345;Swamp;;;;;;;
C13;346;Swamp;;;;;;;
C13;347;Swamp;;;;;;;
C13;348;Swamp;;;;;;;
C13;349;Mountain;;;;;;;
C13;350;Mountain;;;;;;;
C13;351;Mountain;;;;;;;
C13;352;Mountain;;;;;;;
C13;353;Forest;;;;;;;
C13;354;Forest;;;;;;;
C13;355;Forest;;;;;;;
C13;356;Forest;;;;;;;
DDM;37;Island;;;;;;;
DDM;38;Island;;;;;;;
DDM;39;Island;;;;;;;
DDM;40;Island;;;;;;;
DDM;41;Island;;;;;;;
DDM;79;Swamp;;;;;;;
DDM;80;Swamp;;;;;;;
DDM;81;Swamp;;;;;;;
DDM;82;Swamp;;;;;;;
DDM;83;Swamp;;;;;;;
DDM;84;Forest;;;;;;;
DDM;85;Forest;;;;;;;
DDM;86;Forest;;;;;;;
DDM;87;Forest;;;;;;;
DDM;88;Forest;;;;;;;
MD1;19;Plains;;;;;;;
MD1;20;Swamp;;;;;;;
M15;250;Plains;;;;;;;
M15;251;Plains;;;;;;;
M15;252;Plains;;;;;;;
M15;253;Plains;;;;;;;
M15;254;Island;;;;;;;
M15;255;Island;;;;;;;
M15;256;Island;;;;;;;
M15;257;Island;;;;;;;
M15;258;Swamp;;;;;;;
M15;259;Swamp;;;;;;;
M15;260;Swamp;;;;;;;
M15;261;Swamp;;;;;;;
M15;262;Mountain;;;;;;;
M15;263;Mountain;;;;;;;
M15;264;Mountain;;;;;;;
M15;265;Mountain;;;;;;;
M15;266;Forest;;;;;;;
M15;267;Forest;;;;;;;
M15;268;Forest;;;;;;;
M15;269;Forest;;;;;;;
DDN;35;Mountain;;;;;;;
DDN;36;Mountain;;;;;;;
DDN;37;Mountain;;;;;;;
DDN;38;Plains;;;;;;;
DDN;39;Swamp;;;;;;;
DDN;40;Swamp;;;;;;;
DDN;41;Swamp;;;;;;;
DDN;75;Island;;;;;;;
DDN;76;Island;;;;;;;
DDN;77;Island;;;;;;;
DDN;78;Mountain;;;;;;;
DDN;79;Plains;;;;;;;
DDN;80;Plains;;;;;;;
DDN;81;Plains;;;;;;;
KTK;250;Plains;;;;;;;
KTK;251;Plains;;;;;;;
KTK;252;Plains;;;;;;;
KTK;253;Plains;;;;;;;
KTK;254;Island;;;;;;;
KTK;255;Island;;;;;;;
KTK;256;Island;;;;;;;
KTK;257;Island;;;;;;;
KTK;258;Swamp;;;;;;;
KTK;259;Swamp;;;;;;;
KTK;260;Swamp;;;;;;;
KTK;261;Swamp;;;;;;;
KTK;262;Mountain;;;;;;;
KTK;263;Mountain;;;;;;;
KTK;264;Mountain;;;;;;;
KTK;265;Mountain;;;;;;;
KTK;266;Forest;;;;;;;
KTK;267;Forest;;;;;;;
KTK;268;Forest;;;;;;;
KTK;269;Forest;;;;;;;
C14;318;Plains;;;;;;;
C14;319;Plains;;;;;;;
C14;320;Plains;;;;;;;
C14;321;Plains;;;;;;;
C14;322;Island;;;;;;;
C14;323;Island;;;;;;;
C14;324;Island;;;;;;;
C14;325;Island;;;;;;;
C14;326;Swamp;;;;;;;
C14;327;Swamp;;;;;;;
C14;328;Swamp;;;;;;;
C14;329;Swamp;;;;;;;
C14;330;Mountain;;;;;;;
C14;331;Mountain;;;;;;;
C14;332;Mountain;;;;;;;
C14;333;Mountain;;;;;;;
C14;334;Forest;;;;;;;
C14;335;Forest;;;;;;;
C14;336;Forest;;;;;;;
C14;337;Forest;;;;;;;
DVD;26;Plains;;;;;;;
DVD;27;Plains;;;;;;;
DVD;28;Plains;;;;;;;
DVD;29;Plains;;;;;;;
DVD;59;Swamp;;;;;;;
DVD;60;Swamp;;;;;;;
DVD;61;Swamp;;;;;;;
DVD;62;Swamp;;;;;;;
EVG;28;Forest;;;;;;;
EVG;29;Forest;;;;;;;
EVG;30;Forest;;;;;;;
EVG;31;Forest;;;;;;;
EVG;59;Mountain;;;;;;;
EVG;60;Mountain;;;;;;;
EVG;61;Mountain;;;;;;;
EVG;62;Mountain;;;;;;;
GVL;28;Forest;;;;;;;
GVL;29;Forest;;;;;;;
GVL;30;Forest;;;;;;;
GVL;31;Forest;;;;;;;
GVL;60;Swamp;;;;;;;
GVL;61;Swamp;;;;;;;
GVL;62;Swamp;;;;;;;
GVL;63;Swamp;;;;;;;
JVC;30;Island;;;;;;;
JVC;31;Island;;;;;;;
JVC;32;Island;;;;;;;
JVC;33;Island;;;;;;;
JVC;59;Mountain;;;;;;;
JVC;60;Mountain;;;;;;;
JVC;61;Mountain;;;;;;;
JVC;62;Mountain;;;;;;;
FRF;176;Plains;;;;;;;
FRF;177;Plains;;;;;;;
FRF;178;Island;;;;;;;
FRF;179;Island;;;;;;;
FRF;180;Swamp;;;;;;;
FRF;181;Swamp;;;;;;;
FRF;182;Mountain;;;;;;;
FRF;183;Mountain;;;;;;;
FRF;184;Forest;;;;;;;
FRF;185;Forest;;;;;;;
DDO;30;Plains;;;;;;;
DDO;31;Plains;;;;;;;
DDO;32;Plains;;;;;;;
DDO;33;Plains;;;;;;;
DDO;60;Island;;;;;;;
DDO;61;Island;;;;;;;
DDO;62;Island;;;;;;;
DDO;63;Forest;;;;;;;
DDO;64;Forest;;;;;;;
DDO;65;Forest;;;;;;;
DTK;250;Plains;;;;;;;
DTK;251;Plains;;;;;;;
DTK;252;Plains;;;;;;;
DTK;253;Island;;;;;;;
DTK;254;Island;;;;;;;
DTK;255;Island;;;;;;;
DTK;256;Swamp;;;;;;;
DTK;257;Swamp;;;;;;;
DTK;258;Swamp;;;;;;;
DTK;259;Mountain;;;;;;;
DTK;260;Mountain;;;;;;;
DTK;261;Mountain;;;;;;;
DTK;262;Forest;;;;;;;
DTK;263;Forest;;;;;;;
DTK;264;Forest;;;;;;;
ORI;253;Plains;;;;;;;
ORI;254;Plains;;;;;;;
ORI;255;Plains;;;;;;;
ORI;256;Plains;;;;;;;
ORI;257;Island;;;;;;;
ORI;258;Island;;;;;;;
ORI;259;Island;;;;;;;
ORI;260;Island;;;;;;;
ORI;261;Swamp;;;;;;;
ORI;262;Swamp;;;;;;;
ORI;263;Swamp;;;;;;;
ORI;264;Swamp;;;;;;;
ORI;265;Mountain;;;;;;;
ORI;266;Mountain;;;;;;;
ORI;267;Mountain;;;;;;;
ORI;268;Mountain;;;;;;;
ORI;269;Forest;;;;;;;
ORI;270;Forest;;;;;;;
ORI;271;Forest;;;;;;;
ORI;272;Forest;;;;;;;
DDP;35;Plains;;;;;;;
DDP;36;Plains;;;;;;;
DDP;37;Plains;;;;;;;
DDP;38;Forest;;;;;;;
DDP;39;Forest;;;;;;;
DDP;40;Forest;;;;;;;
DDP;70;Swamp;;;;;;;
DDP;71;Swamp;;;;;;;
DDP;72;Swamp;;;;;;;
DDP;73;Mountain;;;;;;;
DDP;74;Mountain;;;;;;;
DDP;75;Mountain;;;;;;;
BFZ;250;Plains;;;;;;;
BFZ;250a;Plains;;;;;;;
BFZ;251;Plains;;;;;;;
BFZ;251a;Plains;;;;;;;
BFZ;252;Plains;;;;;;;
BFZ;252a;Plains;;;;;;;
BFZ;253;Plains;;;;;;;
BFZ;253a;Plains;;;;;;;
BFZ;254;Plains;;;;;;;
BFZ;254a;Plains;;;;;;;
BFZ;255;Island;;;;;;;
BFZ;255a;Island;;;;;;;
BFZ;256;Island;;;;;;;
BFZ;256a;Island;;;;;;;
BFZ;257;Island;;;;;;;
BFZ;257a;Island;;;;;;;
BFZ;258;Island;;;;;;;
BFZ;258a;Island;;;;;;;
BFZ;259;Island;;;;;;;
BFZ;259a;Island;;;;;;;
BFZ;260;Swamp;;;;;;;
BFZ;260a;Swamp;;;;;;;
BFZ;261;Swamp;;;;;;;
BFZ;261a;Swamp;;;;;;;
BFZ;262;Swamp;;;;;;;
BFZ;262a;Swamp;;;;;;;
BFZ;263;Swamp;;;;;;;
BFZ;263a;Swamp;;;;;;;
BFZ;264;Swamp;;;;;;;
BFZ;264a;Swamp;;;;;;;
BFZ;265;Mountain;;;;;;;
BFZ;265a;Mountain;;;;;;;
BFZ;266;Mountain;;;;;;;
BFZ;266a;Mountain;;;;;;;
BFZ;267;Mountain;;;;;;;
BFZ;267a;Mountain;;;;;;;
BFZ;268;Mountain;;;;;;;
BFZ;268a;Mountain;;;;;;;
BFZ;269;Mountain;;;;;;;
BFZ;269a;Mountain;;;;;;;
BFZ;270;Forest;;;;;;;
BFZ;270a;Forest;;;;;;;
BFZ;271;Forest;;;;;;;
BFZ;271a;Forest;;;;;;;
BFZ;272;Forest;;;;;;;
BFZ;272a;Forest;;;;;;;
BFZ;273;Forest;;;;;;;
BFZ;273a;Forest;;;;;;;
BFZ;274;Forest;;;;;;;
BFZ;274a;Forest;;;;;;;
C15;323;Plains;;;;;;;
C15;324;Plains;;;;;;;
C15;325;Plains;;;;;;;
C15;326;Plains;;;;;;;
C15;327;Island;;;;;;;
C15;328;Island;;;;;;;
C15;329;Island;;;;;;;
C15;330;Island;;;;;;;
C15;331;Swamp;;;;;;;
C15;332;Swamp;;;;;;;
C15;333;Swamp;;;;;;;
C15;334;Swamp;;;;;;;
C15;335;Mountain;;;;;;;
C15;336;Mountain;;;;;;;
C15;337;Mountain;;;;;;;
C15;338;Mountain;;;;;;;
C15;339;Forest;;;;;;;
C15;340;Forest;;;;;;;
C15;341;Forest;;;;;;;
C15;342;Forest;;;;;;;
OGW;183;Wastes;;;;;;;
OGW;183a;Wastes;;;;;;;
OGW;184;Wastes;;;;;;;
OGW;184a;Wastes;;;;;;;
DDQ;35;Island;;;;;;;
DDQ;36;Island;;;;;;;
DDQ;37;Island;;;;;;;
DDQ;38;Plains;;;;;;;
DDQ;39;Plains;;;;;;;
DDQ;40;Plains;;;;;;;
DDQ;71;Island;;;;;;;
DDQ;72;Island;;;;;;;
DDQ;73;Island;;;;;;;
DDQ;74;Swamp;;;;;;;
DDQ;75;Swamp;;;;;;;
DDQ;76;Swamp;;;;;;;
SOI;283;Plains;;;;;;;
SOI;284;Plains;;;;;;;
SOI;285;Plains;;;;;;;
SOI;286;Island;;;;;;;
SOI;287;Island;;;;;;;
SOI;288;Island;;;;;;;
SOI;289;Swamp;;;;;;;
SOI;290;Swamp;;;;;;;
SOI;291;Swamp;;;;;;;
SOI;292;Mountain;;;;;;;
SOI;293;Mountain;;;;;;;
SOI;294;Mountain;;;;;;;
SOI;295;Forest;;;;;;;
SOI;296;Forest;;;;;;;
SOI;297;Forest;;;;;;;
DDR;31;Forest;;;;;;;
DDR;32;Forest;;;;;;;
DDR;33;Forest;;;;;;;
DDR;34;Forest;;;;;;;
DDR;35;Forest;;;;;;;
DDR;66;Swamp;;;;;;;
DDR;67;Swamp;;;;;;;
DDR;68;Swamp;;;;;;;
DDR;69;Swamp;;;;;;;
DDR;70;Swamp;;;;;;;
KLD;250;Plains;;;;;;;
KLD;251;Plains;;;;;;;
KLD;252;Plains;;;;;;;
KLD;253;Island;;;;;;;
KLD;254;Island;;;;;;;
KLD;255;Island;;;;;;;
KLD;256;Swamp;;;;;;;
KLD;257;Swamp;;;;;;;
KLD;258;Swamp;;;;;;;
KLD;259;Mountain;;;;;;;
KLD;260;Mountain;;;;;;;
KLD;261;Mountain;;;;;;;
KLD;262;Forest;;;;;;;
KLD;263;Forest;;;;;;;
KLD;264;Forest;;;;;;;
C16;337;Plains;;;;;;;
C16;338;Plains;;;;;;;
C16;339;Plains;;;;;;;
C16;340;Island;;;;;;;
C16;341;Island;;;;;;;
C16;342;Island;;;;;;;
C16;343;Swamp;;;;;;;
C16;344;Swamp;;;;;;;
C16;345;Swamp;;;;;;;
C16;346;Mountain;;;;;;;
C16;347;Mountain;;;;;;;
C16;348;Mountain;;;;;;;
C16;349;Forest;;;;;;;
C16;350;Forest;;;;;;;
C16;351;Forest;;;;;;;
PCA;132;Plains;;;;;;;
PCA;133;Plains;;;;;;;
PCA;134;Plains;;;;;;;
PCA;135;Plains;;;;;;;
PCA;136;Plains;;;;;;;
PCA;137;Island;;;;;;;
PCA;138;Island;;;;;;;
PCA;139;Island;;;;;;;
PCA;140;Island;;;;;;;
PCA;141;Island;;;;;;;
PCA;142;Swamp;;;;;;;
PCA;143;Swamp;;;;;;;
PCA;144;Swamp;;;;;;;
PCA;145;Swamp;;;;;;;
PCA;146;Swamp;;;;;;;
PCA;147;Mountain;;;;;;;
PCA;148;Mountain;;;;;;;
PCA;149;Mountain;;;;;;;
PCA;150;Mountain;;;;;;;
PCA;151;Forest;;;;;;;
PCA;152;Forest;;;;;;;
PCA;153;Forest;;;;;;;
PCA;154;Forest;;;;;;;
PCA;155;Forest;;;;;;;
PCA;156;Forest;;;;;;;
DDS;28;Island;;;;;;;
DDS;29;Island;;;;;;;
DDS;30;Island;;;;;;;
DDS;31;Mountain;;;;;;;
DDS;32;Mountain;;;;;;;
DDS;33;Mountain;;;;;;;
DDS;60;Mountain;;;;;;;
DDS;61;Mountain;;;;;;;
DDS;62;Mountain;;;;;;;
DDS;63;Forest;;;;;;;
DDS;64;Forest;;;;;;;
DDS;65;Forest;;;;;;;
AKH;250;Plains;;;;;;;
AKH;251;Island;;;;;;;
AKH;252;Swamp;;;;;;;
AKH;253;Mountain;;;;;;;
AKH;254;Forest;;;;;;;
AKH;255;Plains;;;;;;;
AKH;256;Plains;;;;;;;
AKH;257;Plains;;;;;;;
AKH;258;Island;;;;;;;
AKH;259;Island;;;;;;;
AKH;260;Island;;;;;;;
AKH;261;Swamp;;;;;;;
AKH;262;Swamp;;;;;;;
AKH;263;Swamp;;;;;;;
AKH;264;Mountain;;;;;;;
AKH;265;Mountain;;;;;;;
AKH;266;Mountain;;;;;;;
AKH;267;Forest;;;;;;;
AKH;268;Forest;;;;;;;
AKH;269;Forest;;;;;;;
CMA;285;Plains;;;;;;;
CMA;286;Plains;;;;;;;
CMA;287;Plains;;;;;;;
CMA;288;Plains;;;;;;;
CMA;289;Plains;;;;;;;
CMA;290;Plains;;;;;;;
CMA;291;Plains;;;;;;;
CMA;292;Plains;;;;;;;
CMA;293;Island;;;;;;;
CMA;294;Island;;;;;;;
CMA;295;Island;;;;;;;
CMA;296;Island;;;;;;;
CMA;297;Swamp;;;;;;;
CMA;298;Swamp;;;;;;;
CMA;299;Swamp;;;;;;;
CMA;300;Swamp;;;;;;;
CMA;301;Swamp;;;;;;;
CMA;302;Swamp;;;;;;;
CMA;303;Swamp;;;;;;;
CMA;304;Swamp;;;;;;;
CMA;305;Mountain;;;;;;;
CMA;306;Mountain;;;;;;;
CMA;307;Mountain;;;;;;;
CMA;308;Mountain;;;;;;;
CMA;309;Forest;;;;;;;
CMA;310;Forest;;;;;;;
CMA;311;Forest;;;;;;;
CMA;312;Forest;;;;;;;
CMA;313;Forest;;;;;;;
CMA;314;Forest;;;;;;;
CMA;315;Forest;;;;;;;
CMA;316;Forest;;;;;;;
CMA;317;Forest;;;;;;;
CMA;318;Forest;;;;;;;
CMA;319;Forest;;;;;;;
CMA;320;Forest;;;;;;;
E01;97;Plains;;;;;;;
E01;98;Island;;;;;;;
E01;99;Swamp;;;;;;;
E01;100;Mountain;;;;;;;
E01;101;Forest;;;;;;;
E01;102;Plains;;;;;;;
E01;103;Island;;;;;;;
E01;104;Swamp;;;;;;;
E01;105;Mountain;;;;;;;
E01;106;Forest;;;;;;;
HOU;185;Plains;;;;;;;
HOU;186;Island;;;;;;;
HOU;187;Swamp;;;;;;;
HOU;188;Mountain;;;;;;;
HOU;189;Forest;;;;;;;
HOU;190;Plains;;;;;;;
HOU;191;Plains;;;;;;;
HOU;192;Island;;;;;;;
HOU;193;Island;;;;;;;
HOU;194;Swamp;;;;;;;
HOU;195;Swamp;;;;;;;
HOU;196;Mountain;;;;;;;
HOU;197;Mountain;;;;;;;
HOU;198;Forest;;;;;;;
HOU;199;Forest;;;;;;;
C17;295;Plains;;;;;;;
C17;296;Plains;;;;;;;
C17;297;Plains;;;;;;;
C17;298;Island;;;;;;;
C17;299;Island;;;;;;;
C17;300;Island;;;;;;;
C17;301;Swamp;;;;;;;
C17;302;Swamp;;;;;;;
C17;303;Swamp;;;;;;;
C17;304;Mountain;;;;;;;
C17;305;Mountain;;;;;;;
C17;306;Mountain;;;;;;;
C17;307;Forest;;;;;;;
C17;308;Forest;;;;;;;
C17;309;Forest;;;;;;;
PSS2;1;Plains;;;;;;;
PSS2;2;Island;;;;;;;
PSS2;3;Swamp;;;;;;;
PSS2;4;Mountain;;;;;;;
PSS2;5;Forest;;;;;;;
XLN;260;Plains;;;;;;;
XLN;261;Plains;;;;;;;
XLN;262;Plains;;;;;;;
XLN;263;Plains;;;;;;;
XLN;264;Island;;;;;;;
XLN;265;Island;;;;;;;
XLN;266;Island;;;;;;;
XLN;267;Island;;;;;;;
XLN;268;Swamp;;;;;;;
XLN;269;Swamp;;;;;;;
XLN;270;Swamp;;;;;;;
XLN;271;Swamp;;;;;;;
XLN;272;Mountain;;;;;;;
XLN;273;Mountain;;;;;;;
XLN;274;Mountain;;;;;;;
XLN;275;Mountain;;;;;;;
XLN;276;Forest;;;;;;;
XLN;277;Forest;;;;;;;
XLN;278;Forest;;;;;;;
XLN;279;Forest;;;;;;;
G17;1;Plains;;;;;;;
G17;2;Island;;;;;;;
G17;3;Swamp;;;;;;;
G17;4;Mountain;;;;;;;
G17;5;Forest;;;;;;;
DDT;28;Island;;;;;;;
DDT;29;Island;;;;;;;
DDT;30;Island;;;;;;;
DDT;31;Island;;;;;;;
DDT;60;Mountain;;;;;;;
DDT;61;Mountain;;;;;;;
DDT;62;Mountain;;;;;;;
DDT;63;Mountain;;;;;;;
UST;212;Plains;;;;;;;
UST;213;Island;;;;;;;
UST;214;Swamp;;;;;;;
UST;215;Mountain;;;;;;;
UST;216;Forest;;;;;;;
RIX;192;Plains;;;;;;;
RIX;193;Island;;;;;;;
RIX;194;Swamp;;;;;;;
RIX;195;Mountain;;;;;;;
RIX;196;Forest;;;;;;;
DDU;31;Forest;;;;;;;
DDU;32;Forest;;;;;;;
DDU;33;Forest;;;;;;;
DDU;34;Forest;;;;;;;
DDU;73;Island;;;;;;;
DDU;74;Island;;;;;;;
DDU;75;Mountain;;;;;;;
DDU;76;Mountain;;;;;;;
DOM;250;Plains;;;;;;;
DOM;251;Plains;;;;;;;
DOM;252;Plains;;;;;;;
DOM;253;Plains;;;;;;;
DOM;254;Island;;;;;;;
DOM;255;Island;;;;;;;
DOM;256;Island;;;;;;;
DOM;257;Island;;;;;;;
DOM;258;Swamp;;;;;;;
DOM;259;Swamp;;;;;;;
DOM;260;Swamp;;;;;;;
DOM;261;Swamp;;;;;;;
DOM;262;Mountain;;;;;;;
DOM;263;Mountain;;;;;;;
DOM;264;Mountain;;;;;;;
DOM;265;Mountain;;;;;;;
DOM;266;Forest;;;;;;;
DOM;267;Forest;;;;;;;
DOM;268;Forest;;;;;;;
DOM;269;Forest;;;;;;;
BBD;250;Plains;;;;;;;
BBD;251;Island;;;;;;;
BBD;252;Swamp;;;;;;;
BBD;253;Mountain;;;;;;;
BBD;254;Forest;;;;;;;
CM2;279;Plains;;;;;;;
CM2;280;Plains;;;;;;;
CM2;281;Plains;;;;;;;
CM2;282;Plains;;;;;;;
CM2;283;Plains;;;;;;;
CM2;284;Plains;;;;;;;
CM2;285;Plains;;;;;;;
CM2;286;Island;;;;;;;
CM2;287;Island;;;;;;;
CM2;288;Island;;;;;;;
CM2;289;Island;;;;;;;
CM2;290;Island;;;;;;;
CM2;291;Island;;;;;;;
CM2;292;Island;;;;;;;
CM2;293;Swamp;;;;;;;
CM2;294;Swamp;;;;;;;
CM2;295;Swamp;;;;;;;
CM2;296;Swamp;;;;;;;
CM2;297;Swamp;;;;;;;
CM2;298;Swamp;;;;;;;
CM2;299;Swamp;;;;;;;
CM2;300;Mountain;;;;;;;
CM2;301;Mountain;;;;;;;
CM2;302;Mountain;;;;;;;
CM2;303;Mountain;;;;;;;
CM2;304;Mountain;;;;;;;
CM2;305;Mountain;;;;;;;
CM2;306;Forest;;;;;;;
CM2;307;Forest;;;;;;;
CM2;308;Forest;;;;;;;
CM2;309;Forest;;;;;;;
CM2;310;Forest;;;;;;;
CM2;311;Forest;;;;;;;
CM2;312;Forest;;;;;;;
PGPX;2018a;Plains;;;;;;;
PGPX;2018b;Island;;;;;;;
PGPX;2018c;Swamp;;;;;;;
PGPX;2018d;Mountain;;;;;;;
PGPX;2018f;Forest;;;;;;;
GS1;20;Plains;;;;;;;
GS1;21;Island;;;;;;;
GS1;39;Mountain;;;;;;;
GS1;40;Forest;;;;;;;
M19;261;Plains;;;;;;;
M19;262;Plains;;;;;;;
M19;263;Plains;;;;;;;
M19;264;Plains;;;;;;;
M19;265;Island;;;;;;;
M19;266;Island;;;;;;;
M19;267;Island;;;;;;;
M19;268;Island;;;;;;;
M19;269;Swamp;;;;;;;
M19;270;Swamp;;;;;;;
M19;271;Swamp;;;;;;;
M19;272;Swamp;;;;;;;
M19;273;Mountain;;;;;;;
M19;274;Mountain;;;;;;;
M19;275;Mountain;;;;;;;
M19;276;Mountain;;;;;;;
M19;277;Forest;;;;;;;
M19;278;Forest;;;;;;;
M19;279;Forest;;;;;;;
M19;280;Forest;;;;;;;
PSS3;1;Plains;;;;;;;
PSS3;2;Island;;;;;;;
PSS3;3;Swamp;;;;;;;
PSS3;4;Mountain;;;;;;;
PSS3;5;Forest;;;;;;;
C18;293;Plains;;;;;;;
C18;294;Plains;;;;;;;
C18;295;Plains;;;;;;;
C18;296;Island;;;;;;;
C18;297;Island;;;;;;;
C18;298;Island;;;;;;;
C18;299;Swamp;;;;;;;
C18;300;Swamp;;;;;;;
C18;301;Swamp;;;;;;;
C18;302;Mountain;;;;;;;
C18;303;Mountain;;;;;;;
C18;304;Mountain;;;;;;;
C18;305;Forest;;;;;;;
C18;306;Forest;;;;;;;
C18;307;Forest;;;;;;;
GRN;260;Plains;;;;;;;
GRN;261;Island;;;;;;;
GRN;262;Swamp;;;;;;;
GRN;263;Mountain;;;;;;;
GRN;264;Forest;;;;;;;
GK1;24;Island;;;;;;;
GK1;25;Swamp;;;;;;;
GK1;48;Island;;;;;;;
GK1;49;Mountain;;;;;;;
GK1;75;Swamp;;;;;;;
GK1;76;Forest;;;;;;;
GK1;100;Plains;;;;;;;
GK1;101;Mountain;;;;;;;
GK1;126;Plains;;;;;;;
GK1;127;Forest;;;;;;;
PRWK;A01;Island;;;;;;;
PRWK;A02;Swamp;;;;;;;
PRWK;A03;Island;;;;;;;
PRWK;A04;Mountain;;;;;;;
PRWK;A05;Swamp;;;;;;;
PRWK;A06;Forest;;;;;;;
PRWK;A07;Mountain;;;;;;;
PRWK;A08;Plains;;;;;;;
PRWK;A09;Forest;;;;;;;
PRWK;A10;Plains;;;;;;;
GNT;59;Plains;;;;;;;
GNT;60;Plains;;;;;;;
GNT;61;Island;;;;;;;
GNT;62;Island;;;;;;;
GNT;63;Swamp;;;;;;;
GNT;64;Swamp;;;;;;;
GNT;65;Mountain;;;;;;;
GNT;66;Mountain;;;;;;;
GNT;67;Forest;;;;;;;
GNT;68;Forest;;;;;;;
PF19;2;Plains;;;;;;;
PF19;3;Island;;;;;;;
PF19;4;Swamp;;;;;;;
PF19;5;Mountain;;;;;;;
PF19;6;Forest;;;;;;;
RNA;260;Plains;;;;;;;
RNA;261;Island;;;;;;;
RNA;262;Swamp;;;;;;;
RNA;263;Mountain;;;;;;;
RNA;264;Forest;;;;;;;
GK2;26;Plains;;;;;;;
GK2;27;Island;;;;;;;
GK2;50;Plains;;;;;;;
GK2;51;Swamp;;;;;;;
GK2;78;Swamp;;;;;;;
GK2;79;Mountain;;;;;;;
GK2;105;Mountain;;;;;;;
GK2;106;Forest;;;;;;;
GK2;132;Island;;;;;;;
GK2;133;Forest;;;;;;;
PRW2;B01;Plains;;;;;;;
PRW2;B02;Island;;;;;;;
PRW2;B03;Plains;;;;;;;
PRW2;B04;Swamp;;;;;;;
PRW2;B05;Swamp;;;;;;;
PRW2;B06;Mountain;;;;;;;
PRW2;B07;Mountain;;;;;;;
PRW2;B08;Forest;;;;;;;
PRW2;B09;Forest;;;;;;;
PRW2;B10;Island;;;;;;;
WAR;250;Plains;;;;;;;
WAR;251;Plains;;;;;;;
WAR;252;Plains;;;;;;;
WAR;253;Island;;;;;;;
WAR;254;Island;;;;;;;
WAR;255;Island;;;;;;;
WAR;256;Swamp;;;;;;;
WAR;257;Swamp;;;;;;;
WAR;258;Swamp;;;;;;;
WAR;259;Mountain;;;;;;;
WAR;260;Mountain;;;;;;;
WAR;261;Mountain;;;;;;;
WAR;262;Forest;;;;;;;
WAR;263;Forest;;;;;;;
WAR;264;Forest;;;;;;;
MH1;250;Snow-Covered Plains;;;;;;;
MH1;251;Snow-Covered Island;;;;;;;
MH1;252;Snow-Covered Swamp;;;;;;;
MH1;253;Snow-Covered Mountain;;;;;;;
MH1;254;Snow-Covered Forest;;;;;;;
M20;261;Plains;;;;;;;
M20;262;Plains;;;;;;;
M20;263;Plains;;;;;;;
M20;264;Plains;;;;;;;
M20;265;Island;;;;;;;
M20;266;Island;;;;;;;
M20;267;Island;;;;;;;
M20;268;Island;;;;;;;
M20;269;Swamp;;;;;;;
M20;270;Swamp;;;;;;;
M20;271;Swamp;;;;;;;
M20;272;Swamp;;;;;;;
M20;273;Mountain;;;;;;;
M20;274;Mountain;;;;;;;
M20;275;Mountain;;;;;;;
M20;276;Mountain;;;;;;;
M20;277;Forest;;;;;;;
M20;278;Forest;;;;;;;
M20;279;Forest;;;;;;;
M20;280;Forest;;;;;;;
PPP1;1;Plains;;;;;;;
PPP1;2;Island;;;;;;;
PPP1;3;Swamp;;;;;;;
PPP1;4;Mountain;;;;;;;
PPP1;5;Forest;;;;;;;
C19;288;Plains;;;;;;;
C19;289;Plains;;;;;;;
C19;290;Plains;;;;;;;
C19;291;Island;;;;;;;
C19;292;Island;;;;;;;
C19;293;Island;;;;;;;
C19;294;Swamp;;;;;;;
C19;295;Swamp;;;;;;;
C19;296;Swamp;;;;;;;
C19;297;Mountain;;;;;;;
C19;298;Mountain;;;;;;;
C19;299;Mountain;;;;;;;
C19;300;Forest;;;;;;;
C19;301;Forest;;;;;;;
C19;302;Forest;;;;;;;
ELD;250;Plains;;;;;;;
ELD;251;Plains;;;;;;;
ELD;252;Plains;;;;;;;
ELD;253;Plains;;;;;;;
ELD;254;Island;;;;;;;
ELD;255;Island;;;;;;;
ELD;256;Island;;;;;;;
ELD;257;Island;;;;;;;
ELD;258;Swamp;;;;;;;
ELD;259;Swamp;;;;;;;
ELD;260;Swamp;;;;;;;
ELD;261;Swamp;;;;;;;
ELD;262;Mountain;;;;;;;
ELD;263;Mountain;;;;;;;
ELD;264;Mountain;;;;;;;
ELD;265;Mountain;;;;;;;
ELD;266;Forest;;;;;;;
ELD;267;Forest;;;;;;;
ELD;268;Forest;;;;;;;
ELD;269;Forest;;;;;;;
GN2;55;Plains;;;;;;;
GN2;56;Plains;;;;;;;
GN2;57;Island;;;;;;;
GN2;58;Island;;;;;;;
GN2;59;Swamp;;;;;;;
GN2;60;Swamp;;;;;;;
GN2;61;Mountain;;;;;;;
GN2;62;Mountain;;;;;;;
GN2;63;Forest;;;;;;;
GN2;64;Forest;;;;;;;
SLD;1;Snow-Covered Plains;;;;;;;
SLD;2;Snow-Covered Island;;;;;;;
SLD;3;Snow-Covered Swamp;;;;;;;
SLD;4;Snow-Covered Mountain;;;;;;;
SLD;5;Snow-Covered Forest;;;;;;;
PF20;2;Plains;;;;;;;
PF20;3;Island;;;;;;;
PF20;4;Swamp;;;;;;;
PF20;5;Mountain;;;;;;;
PF20;6;Forest;;;;;;;
THB;250;Plains;;;;;;;
THB;251;Island;;;;;;;
THB;252;Swamp;;;;;;;
THB;253;Mountain;;;;;;;
THB;254;Forest;;;;;;;
THB;278;Plains;;;;;;;
THB;279;Plains;;;;;;;
THB;280;Island;;;;;;;
THB;281;Island;;;;;;;
THB;282;Swamp;;;;;;;
THB;283;Swamp;;;;;;;
THB;284;Mountain;;;;;;;
THB;285;Mountain;;;;;;;
THB;286;Forest;;;;;;;
THB;287;Forest;;;;;;;
UND;87;Plains;;;;;;;
UND;88;Plains;;;;;;;
UND;89;Island;;;;;;;
UND;90;Island;;;;;;;
UND;91;Swamp;;;;;;;
UND;92;Swamp;;;;;;;
UND;93;Mountain;;;;;;;
UND;94;Mountain;;;;;;;
UND;95;Forest;;;;;;;
UND;96;Forest;;;;;;;
IKO;260;Plains;;;;;;;
IKO;261;Plains;;;;;;;
IKO;262;Plains;;;;;;;
IKO;263;Island;;;;;;;
IKO;264;Island;;;;;;;
IKO;265;Island;;;;;;;
IKO;266;Swamp;;;;;;;
IKO;267;Swamp;;;;;;;
IKO;268;Swamp;;;;;;;
IKO;269;Mountain;;;;;;;
IKO;270;Mountain;;;;;;;
IKO;271;Mountain;;;;;;;
IKO;272;Forest;;;;;;;
IKO;273;Forest;;;;;;;
IKO;274;Forest;;;;;;;
M21;260;Plains;;;;;;;
M21;261;Plains;;;;;;;
M21;262;Plains;;;;;;;
M21;263;Island;;;;;;;
M21;264;Island;;;;;;;
M21;265;Island;;;;;;;
M21;266;Swamp;;;;;;;
M21;267;Swamp;;;;;;;
M21;268;Swamp;;;;;;;
M21;269;Mountain;;;;;;;
M21;270;Mountain;;;;;;;
M21;271;Mountain;;;;;;;
M21;272;Forest;;;;;;;
M21;273;Forest;;;;;;;
M21;274;Forest;;;;;;;
M21;309;Plains;;;;;;;
M21;310;Island;;;;;;;
M21;311;Swamp;;;;;;;
M21;312;Mountain;;;;;;;
M21;313;Forest;;;;;;;
JMP;38;Plains;;;;;;;
JMP;39;Plains;;;;;;;
JMP;40;Plains;;;;;;;
JMP;41;Plains;;;;;;;
JMP;42;Plains;;;;;;;
JMP;43;Plains;;;;;;;
JMP;44;Plains;;;;;;;
JMP;45;Plains;;;;;;;
JMP;46;Island;;;;;;;
JMP;47;Island;;;;;;;
JMP;48;Island;;;;;;;
JMP;49;Island;;;;;;;
JMP;50;Island;;;;;;;
JMP;51;Island;;;;;;;
JMP;52;Island;;;;;;;
JMP;53;Island;;;;;;;
JMP;54;Swamp;;;;;;;
JMP;55;Swamp;;;;;;;
JMP;56;Swamp;;;;;;;
JMP;57;Swamp;;;;;;;
JMP;59;Swamp;;;;;;;
JMP;60;Swamp;;;;;;;
JMP;61;Swamp;;;;;;;
JMP;62;Mountain;;;;;;;
JMP;63;Mountain;;;;;;;
JMP;64;Mountain;;;;;;;
JMP;65;Mountain;;;;;;;
JMP;66;Mountain;;;;;;;
JMP;67;Mountain;;;;;;;
JMP;68;Mountain;;;;;;;
JMP;69;Mountain;;;;;;;
JMP;70;Forest;;;;;;;
JMP;71;Forest;;;;;;;
JMP;72;Forest;;;;;;;
JMP;73;Forest;;;;;;;
JMP;74;Forest;;;;;;;
JMP;75;Forest;;;;;;;
JMP;76;Forest;;;;;;;
JMP;77;Forest;;;;;;;
2XM;373;Plains;;;;;;;
2XM;374;Plains;;;;;;;
2XM;375;Island;;;;;;;
2XM;376;Island;;;;;;;
2XM;377;Swamp;;;;;;;
2XM;378;Swamp;;;;;;;
2XM;379;Mountain;;;;;;;
2XM;380;Mountain;;;;;;;
2XM;381;Forest;;;;;;;
2XM;382;Forest;;;;;;;
PLIST;299;Wastes;;;;;;;
PLIST;300;Plains;;;;;;;
ZNR;266;Plains;;;;;;;
ZNR;267;Plains;;;;;;;
ZNR;268;Plains;;;;;;;
ZNR;269;Island;;;;;;;
ZNR;270;Island;;;;;;;
ZNR;271;Island;;;;;;;
ZNR;272;Swamp;;;;;;;
ZNR;273;Swamp;;;;;;;
ZNR;274;Swamp;;;;;;;
ZNR;275;Mountain;;;;;;;
ZNR;276;Mountain;;;;;;;
ZNR;277;Mountain;;;;;;;
ZNR;278;Forest;;;;;;;
ZNR;279;Forest;;;;;;;
ZNR;280;Forest;;;;;;;
ZNR;380;Plains;;;;;;;
ZNR;381;Island;;;;;;;
ZNR;382;Swamp;;;;;;;
ZNR;383;Mountain;;;;;;;
ZNR;384;Forest;;;;;;;
CMR;504;Plains;;;;;;;
CMR;505;Plains;;;;;;;
CMR;506;Island;;;;;;;
CMR;507;Island;;;;;;;
CMR;508;Mountain;;;;;;;
CMR;509;Mountain;;;;;;;
CMR;510;Forest;;;;;;;
CMR;511;Forest;;;;;;;
SLD;100;Plains;;;;;;;
SLD;101;Plains;;;;;;;
SLD;102;Island;;;;;;;
SLD;103;Island;;;;;;;
SLD;104;Swamp;;;;;;;
SLD;105;Swamp;;;;;;;
SLD;106;Mountain;;;;;;;
SLD;107;Mountain;;;;;;;
SLD;108;Forest;;;;;;;
SLD;109;Forest;;;;;;;
SLD;119;Swamp;;;;;;;
SLD;539;Swamp;;;;;;;
KHM;276;Snow-Covered Plains;;;;;;;
KHM;277;Snow-Covered Plains;;;;;;;
KHM;278;Snow-Covered Island;;;;;;;
KHM;279;Snow-Covered Island;;;;;;;
KHM;280;Snow-Covered Swamp;;;;;;;
KHM;281;Snow-Covered Swamp;;;;;;;
KHM;282;Snow-Covered Mountain;;;;;;;
KHM;283;Snow-Covered Mountain;;;;;;;
KHM;284;Snow-Covered Forest;;;;;;;
KHM;285;Snow-Covered Forest;;;;;;;
KHM;394;Plains;;;;;;;
KHM;395;Island;;;;;;;
KHM;396;Swamp;;;;;;;
KHM;397;Mountain;;;;;;;
KHM;398;Forest;;;;;;;
SLD;239;Plains;;;;;;;
SLD;240;Island;;;;;;;
SLD;241;Swamp;;;;;;;
SLD;242;Mountain;;;;;;;
SLD;243;Forest;;;;;;;
TSR;410;Wastes;;;;;;;
SLD;558;Swamp;;;;;;;
STX;366;Plains;;;;;;;
STX;367;Plains;;;;;;;
STX;368;Island;;;;;;;
STX;369;Island;;;;;;;
STX;370;Swamp;;;;;;;
STX;371;Swamp;;;;;;;
STX;372;Mountain;;;;;;;
STX;373;Mountain;;;;;;;
STX;374;Forest;;;;;;;
STX;375;Forest;;;;;;;
PLIST;403;Island;;;;;;;
SLD;254;Plains;;;;;;;
SLD;255;Island;;;;;;;
SLD;256;Swamp;;;;;;;
SLD;257;Mountain;;;;;;;
SLD;258;Forest;;;;;;;
SLD;555;Island;;;;;;;
SLD;557;Swamp;;;;;;;
SLD;561;Swamp;;;;;;;
SLD;563;Swamp;;;;;;;
SLD;566;Mountain;;;;;;;
SLD;572;Forest;;;;;;;
SLD;573;Forest;;;;;;;
MH2;481;Plains;;;;;;;
MH2;482;Plains;;;;;;;
MH2;483;Island;;;;;;;
MH2;484;Island;;;;;;;
MH2;485;Swamp;;;;;;;
MH2;486;Swamp;;;;;;;
MH2;487;Mountain;;;;;;;
MH2;488;Mountain;;;;;;;
MH2;489;Forest;;;;;;;
MH2;490;Forest;;;;;;;
PLIST;453;Mountain;;;;;;;
SLD;551;Island;;;;;;;
SLD;552;Island;;;;;;;
AFR;262;Plains;;;;;;;
AFR;263;Plains;;;;;;;
AFR;264;Plains;;;;;;;
AFR;265;Plains;;;;;;;
AFR;266;Island;;;;;;;
AFR;267;Island;;;;;;;
AFR;268;Island;;;;;;;
AFR;269;Island;;;;;;;
AFR;270;Swamp;;;;;;;
AFR;271;Swamp;;;;;;;
AFR;272;Swamp;;;;;;;
AFR;273;Swamp;;;;;;;
AFR;274;Mountain;;;;;;;
AFR;275;Mountain;;;;;;;
AFR;276;Mountain;;;;;;;
AFR;277;Mountain;;;;;;;
AFR;278;Forest;;;;;;;
AFR;279;Forest;;;;;;;
AFR;280;Forest;;;;;;;
AFR;281;Forest;;;;;;;
SLD;568;Mountain;;;;;;;
SLD;549;Island;;;;;;;
MID;268;Plains;;;;;;;
MID;269;Plains;;;;;;;
MID;270;Island;;;;;;;
MID;271;Island;;;;;;;
MID;272;Swamp;;;;;;;
MID;273;Swamp;;;;;;;
MID;274;Mountain;;;;;;;
MID;275;Mountain;;;;;;;
MID;276;Forest;;;;;;;
MID;277;Forest;;;;;;;
MID;380;Plains;;;;;;;
MID;381;Island;;;;;;;
MID;382;Swamp;;;;;;;
MID;383;Mountain;;;;;;;
MID;384;Forest;;;;;;;
SLD;544;Plains;;;;;;;
SLD;569;Mountain;;;;;;;
SLD;571;Mountain;;;;;;;
VOW;268;Plains;;;;;;;
VOW;269;Plains;;;;;;;
VOW;270;Island;;;;;;;
VOW;271;Island;;;;;;;
VOW;272;Swamp;;;;;;;
VOW;273;Swamp;;;;;;;
VOW;274;Mountain;;;;;;;
VOW;275;Mountain;;;;;;;
VOW;276;Forest;;;;;;;
VOW;277;Forest;;;;;;;
VOW;398;Plains;;;;;;;
VOW;399;Island;;;;;;;
VOW;400;Swamp;;;;;;;
VOW;401;Mountain;;;;;;;
VOW;402;Forest;;;;;;;
VOW;408;Plains;;;;;;;
VOW;409;Island;;;;;;;
VOW;410;Swamp;;;;;;;
VOW;411;Mountain;;;;;;;
VOW;412;Forest;;;;;;;
SLD;670;Plains;;;;;;;
SLD;540;Plains;;;;;;;
SLD;542;Plains;;;;;;;
SLD;543;Plains;;;;;;;
SLD;545;Plains;;;;;;;
SLD;554;Island;;;;;;;
SLD;562;Swamp;;;;;;;
SLD;565;Mountain;;;;;;;
SLD;567;Mountain;;;;;;;
SLD;574;Forest;;;;;;;
SLD;575;Forest;;;;;;;
SLD;577;Forest;;;;;;;
SLD;325;Snow-Covered Plains;;;;;;;
SLD;326;Snow-Covered Island;;;;;;;
SLD;327;Snow-Covered Swamp;;;;;;;
SLD;328;Snow-Covered Mountain;;;;;;;
SLD;329;Snow-Covered Forest;;;;;;;
SLD;359;Plains;;;;;;;
SLD;360;Island;;;;;;;
SLD;361;Swamp;;;;;;;
SLD;362;Mountain;;;;;;;
SLD;363;Forest;;;;;;;
SLD;484;Plains;;;;;;;
SLD;485;Island;;;;;;;
SLD;486;Swamp;;;;;;;
SLD;487;Mountain;;;;;;;
SLD;488;Forest;;;;;;;
SLD;553;Island;;;;;;;
SLD;556;Swamp;;;;;;;
SLD;559;Swamp;;;;;;;
SLD;570;Mountain;;;;;;;
SLD;576;Forest;;;;;;;
SLD;578;Forest;;;;;;;
SLD;384;Swamp;;;;;;;
SLD;385;Island;;;;;;;
SLD;415;Plains;;;;;;;
SLD;416;Island;;;;;;;
SLD;417;Swamp;;;;;;;
SLD;418;Mountain;;;;;;;
SLD;419;Forest;;;;;;;
SLD;541;Plains;;;;;;;
SLD;546;Plains;;;;;;;
SLD;547;Plains;;;;;;;
SLD;548;Island;;;;;;;
SLD;550;Island;;;;;;;
SLD;564;Mountain;;;;;;;
SLD;579;Forest;;;;;;;
NEO;283;Plains;;;;;;;
NEO;284;Plains;;;;;;;
NEO;285;Island;;;;;;;
NEO;286;Island;;;;;;;
NEO;287;Swamp;;;;;;;
NEO;288;Swamp;;;;;;;
NEO;289;Mountain;;;;;;;
NEO;290;Mountain;;;;;;;
NEO;291;Forest;;;;;;;
NEO;292;Forest;;;;;;;
NEO;293;Plains;;;;;;;
NEO;294;Plains;;;;;;;
NEO;295;Island;;;;;;;
NEO;296;Island;;;;;;;
NEO;297;Swamp;;;;;;;
NEO;298;Swamp;;;;;;;
NEO;299;Mountain;;;;;;;
NEO;300;Mountain;;;;;;;
NEO;301;Forest;;;;;;;
NEO;302;Forest;;;;;;;
SLD;386;Island;;;;;;;
SLD;387;Mountain;;;;;;;
SLD;466;Island;;;;;;;
SLD;476;Forest;;;;;;;
SLD;690;Forest;;;;;;;
PHED;31;Island;;;;;;;
PHED;32;Mountain;;;;;;;
SNC;262;Plains;;;;;;;
SNC;263;Plains;;;;;;;
SNC;264;Island;;;;;;;
SNC;265;Island;;;;;;;
SNC;266;Swamp;;;;;;;
SNC;267;Swamp;;;;;;;
SNC;268;Mountain;;;;;;;
SNC;269;Mountain;;;;;;;
SNC;270;Forest;;;;;;;
SNC;271;Forest;;;;;;;
SNC;272;Plains;;;;;;;
SNC;273;Plains;;;;;;;
SNC;274;Island;;;;;;;
SNC;275;Island;;;;;;;
SNC;276;Swamp;;;;;;;
SNC;277;Swamp;;;;;;;
SNC;278;Mountain;;;;;;;
SNC;279;Mountain;;;;;;;
SNC;280;Forest;;;;;;;
SNC;281;Forest;;;;;;;
SLD;388;Forest;;;;;;;
SLD;389;Mountain;;;;;;;
CLB;451;Plains;;;;;;;
CLB;452;Plains;;;;;;;
CLB;453;Plains;;;;;;;
CLB;454;Plains;;;;;;;
CLB;455;Island;;;;;;;
CLB;456;Island;;;;;;;
CLB;457;Island;;;;;;;
CLB;458;Island;;;;;;;
CLB;459;Swamp;;;;;;;
CLB;460;Swamp;;;;;;;
CLB;461;Swamp;;;;;;;
CLB;462;Swamp;;;;;;;
CLB;463;Mountain;;;;;;;
CLB;464;Mountain;;;;;;;
CLB;465;Mountain;;;;;;;
CLB;466;Mountain;;;;;;;
CLB;467;Forest;;;;;;;
CLB;468;Forest;;;;;;;
CLB;469;Forest;;;;;;;
CLB;470;Forest;;;;;;;
SLD;448;Plains;;;;;;;
SLD;449;Island;;;;;;;
SLD;450;Swamp;;;;;;;
SLD;451;Mountain;;;;;;;
SLD;452;Forest;;;;;;;
SLD;391;Plains;;;;;;;
DMU;262;Plains;;;;;;;
DMU;263;Plains;;;;;;;
DMU;264;Plains;;;;;;;
DMU;265;Island;;;;;;;
DMU;266;Island;;;;;;;
DMU;267;Island;;;;;;;
DMU;268;Swamp;;;;;;;
DMU;269;Swamp;;;;;;;
DMU;270;Swamp;;;;;;;
DMU;271;Mountain;;;;;;;
DMU;272;Mountain;;;;;;;
DMU;273;Mountain;;;;;;;
DMU;274;Forest;;;;;;;
DMU;275;Forest;;;;;;;
DMU;276;Forest;;;;;;;
DMU;277;Plains;;;;;;;
DMU;278;Island;;;;;;;
DMU;279;Swamp;;;;;;;
DMU;280;Mountain;;;;;;;
DMU;281;Forest;;;;;;;
40K;306;Plains;;;;;;;
40K;307;Island;;;;;;;
40K;308;Island;;;;;;;
40K;309;Island;;;;;;;
40K;310;Swamp;;;;;;;
40K;311;Swamp;;;;;;;
40K;312;Swamp;;;;;;;
40K;313;Swamp;;;;;;;
40K;314;Swamp;;;;;;;
40K;315;Mountain;;;;;;;
40K;316;Mountain;;;;;;;
40K;317;Forest;;;;;;;
UNF;235;Plains;;;;;;;
UNF;236;Island;;;;;;;
UNF;237;Swamp;;;;;;;
UNF;238;Mountain;;;;;;;
UNF;239;Forest;;;;;;;
UNF;240;Plains;;;;;;;
UNF;241;Island;;;;;;;
UNF;242;Swamp;;;;;;;
UNF;243;Mountain;;;;;;;
UNF;244;Forest;;;;;;;
UNF;486;Plains;;;;;;;
UNF;487;Island;;;;;;;
UNF;488;Swamp;;;;;;;
UNF;489;Mountain;;;;;;;
UNF;490;Forest;;;;;;;
UNF;491;Plains;;;;;;;
UNF;492;Island;;;;;;;
UNF;493;Swamp;;;;;;;
UNF;494;Mountain;;;;;;;
UNF;495;Forest;;;;;;;
GN3;122;Plains;;;;;;;
GN3;123;Plains;;;;;;;
GN3;124;Plains;;;;;;;
GN3;125;Island;;;;;;;
GN3;126;Island;;;;;;;
GN3;127;Island;;;;;;;
GN3;128;Swamp;;;;;;;
GN3;129;Swamp;;;;;;;
GN3;130;Swamp;;;;;;;
GN3;131;Mountain;;;;;;;
GN3;132;Mountain;;;;;;;
GN3;133;Mountain;;;;;;;
GN3;134;Forest;;;;;;;
GN3;135;Forest;;;;;;;
GN3;136;Forest;;;;;;;
SLD;390;Plains;;;;;;;
SLD;393;Plains;;;;;;;
SLD;392;Island;;;;;;;
SLD;394;Swamp;;;;;;;
BRO;268;Plains;;;;;;;
BRO;269;Plains;;;;;;;
BRO;270;Island;;;;;;;
BRO;271;Island;;;;;;;
BRO;272;Swamp;;;;;;;
BRO;273;Swamp;;;;;;;
BRO;274;Mountain;;;;;;;
BRO;275;Mountain;;;;;;;
BRO;276;Forest;;;;;;;
BRO;277;Forest;;;;;;;
BRO;278;Plains;;;;;;;
BRO;279;Plains;;;;;;;
BRO;280;Island;;;;;;;
BRO;281;Island;;;;;;;
BRO;282;Swamp;;;;;;;
BRO;283;Swamp;;;;;;;
BRO;284;Mountain;;;;;;;
BRO;285;Mountain;;;;;;;
BRO;286;Forest;;;;;;;
BRO;287;Forest;;;;;;;
SLD;673;Island;;;;;;;
SLD;674;Mountain;;;;;;;
BRC;29;Plains;;;;;;;
BRC;30;Plains;;;;;;;
BRC;31;Island;;;;;;;
BRC;32;Island;;;;;;;
BRC;33;Swamp;;;;;;;
BRC;34;Swamp;;;;;;;
BRC;35;Mountain;;;;;;;
BRC;36;Mountain;;;;;;;
SLD;704;Wastes;;;;;;;
SLD;705;Wastes;;;;;;;
SLD;706;Wastes;;;;;;;
SLD;1190;Plains;;;;;;;
SLD;1191;Island;;;;;;;
SLD;1192;Swamp;;;;;;;
SLD;1193;Mountain;;;;;;;
SLD;1194;Forest;;;;;;;
J22;98;Plains;;;;;;;
J22;99;Plains;;;;;;;
J22;100;Plains;;;;;;;
J22;101;Island;;;;;;;
J22;102;Island;;;;;;;
J22;103;Island;;;;;;;
J22;104;Swamp;;;;;;;
J22;105;Swamp;;;;;;;
J22;106;Swamp;;;;;;;
J22;107;Mountain;;;;;;;
J22;108;Mountain;;;;;;;
J22;109;Mountain;;;;;;;
J22;110;Forest;;;;;;;
J22;111;Forest;;;;;;;
J22;112;Forest;;;;;;;
J22;833;Snow-Covered Island;;;;;;;
J22;834;Wastes;;;;;;;
SLD;1088;Plains;;;;;;;
SLD;1089;Island;;;;;;;
SLD;1090;Swamp;;;;;;;
SLD;1091;Mountain;;;;;;;
SLD;1092;Forest;;;;;;;
SLD;1130;Plains;;;;;;;
SLD;1131;Island;;;;;;;
SLD;1132;Swamp;;;;;;;
SLD;1133;Mountain;;;;;;;
SLD;1134;Forest;;;;;;;
SCD;333;Plains;;;;;;;
SCD;334;Plains;;;;;;;
SCD;335;Plains;;;;;;;
SCD;336;Plains;;;;;;;
SCD;337;Island;;;;;;;
SCD;338;Island;;;;;;;
SCD;339;Island;;;;;;;
SCD;340;Island;;;;;;;
SCD;341;Swamp;;;;;;;
SCD;342;Swamp;;;;;;;
SCD;343;Swamp;;;;;;;
SCD;344;Swamp;;;;;;;
SCD;345;Mountain;;;;;;;
SCD;346;Mountain;;;;;;;
SCD;347;Mountain;;;;;;;
SCD;348;Mountain;;;;;;;
SCD;349;Forest;;;;;;;
SCD;350;Forest;;;;;;;
SCD;351;Forest;;;;;;;
SCD;352;Forest;;;;;;;
SLD;395;Forest;;;;;;;
DMR;402;Plains;;;;;;;
DMR;403;Plains;;;;;;;
DMR;404;Island;;;;;;;
DMR;405;Island;;;;;;;
DMR;406;Swamp;;;;;;;
DMR;407;Swamp;;;;;;;
DMR;408;Mountain;;;;;;;
DMR;409;Mountain;;;;;;;
DMR;410;Forest;;;;;;;
DMR;411;Forest;;;;;;;
ONE;262;Plains;;;;;;;
ONE;263;Island;;;;;;;
ONE;264;Swamp;;;;;;;
ONE;265;Mountain;;;;;;;
ONE;266;Forest;;;;;;;
ONE;267;Plains;;;;;;;
ONE;268;Island;;;;;;;
ONE;269;Swamp;;;;;;;
ONE;270;Mountain;;;;;;;
ONE;271;Forest;;;;;;;
ONE;272;Plains;;;;;;;
ONE;273;Island;;;;;;;
ONE;274;Swamp;;;;;;;
ONE;275;Mountain;;;;;;;
ONE;276;Forest;;;;;;;
ONE;365;Plains;;;;;;;
ONE;366;Island;;;;;;;
ONE;367;Swamp;;;;;;;
ONE;368;Mountain;;;;;;;
ONE;369;Forest;;;;;;;
SLD;560;Swamp;;;;;;;
JMP;58;Swamp;;;;;;;
MOM;277;Plains;;;;;;;
MOM;278;Island;;;;;;;
MOM;279;Swamp;;;;;;;
MOM;280;Mountain;;;;;;;
MOM;281;Forest;;;;;;;
MOM;282;Plains;;;;;;;
MOM;283;Plains;;;;;;;
MOM;284;Island;;;;;;;
MOM;285;Island;;;;;;;
MOM;286;Swamp;;;;;;;
MOM;287;Swamp;;;;;;;
MOM;288;Mountain;;;;;;;
MOM;289;Mountain;;;;;;;
MOM;290;Forest;;;;;;;
MOM;291;Forest;;;;;;;
LTR;262;Plains;;;;;;;
LTR;263;Plains;;;;;;;
LTR;264;Island;;;;;;;
LTR;265;Island;;;;;;;
LTR;266;Swamp;;;;;;;
LTR;267;Swamp;;;;;;;
LTR;268;Mountain;;;;;;;
LTR;269;Mountain;;;;;;;
LTR;270;Forest;;;;;;;
LTR;271;Forest;;;;;;;
LTR;272;Plains;;;;;;;
LTR;273;Plains;;;;;;;
LTR;274;Island;;;;;;;
LTR;275;Island;;;;;;;
LTR;276;Swamp;;;;;;;
LTR;277;Swamp;;;;;;;
LTR;278;Mountain;;;;;;;
LTR;279;Mountain;;;;;;;
LTR;280;Forest;;;;;;;
LTR;281;Forest;;;;;;;
WOE;262;Plains;;;;;;;
WOE;263;Island;;;;;;;
WOE;264;Swamp;;;;;;;
WOE;265;Mountain;;;;;;;
WOE;266;Forest;;;;;;;
WOE;267;Plains;;;;;;;
WOE;268;Plains;;;;;;;
WOE;269;Island;;;;;;;
WOE;270;Island;;;;;;;
WOE;271;Swamp;;;;;;;
WOE;272;Swamp;;;;;;;
WOE;273;Mountain;;;;;;;
WOE;274;Mountain;;;;;;;
WOE;275;Forest;;;;;;;
WOE;276;Forest;;;;;;;
WHO;196;Plains;;;;;;;
WHO;197;Plains;;;;;;;
WHO;198;Island;;;;;;;
WHO;199;Island;;;;;;;
WHO;200;Swamp;;;;;;;
WHO;201;Swamp;;;;;;;
WHO;202;Mountain;;;;;;;
WHO;203;Mountain;;;;;;;
WHO;204;Forest;;;;;;;
WHO;205;Forest;;;;;;;
WHO;1156;Plains;;;;;;;
WHO;1157;Plains;;;;;;;
WHO;1158;Island;;;;;;;
WHO;1159;Island;;;;;;;
WHO;1160;Swamp;;;;;;;
WHO;1161;Swamp;;;;;;;
WHO;1162;Mountain;;;;;;;
WHO;1163;Mountain;;;;;;;
WHO;1164;Forest;;;;;;;
WHO;1165;Forest;;;;;;;
LCI;287;Plains;;;;;;;
LCI;288;Island;;;;;;;
LCI;289;Swamp;;;;;;;
LCI;290;Mountain;;;;;;;
LCI;291;Forest;;;;;;;
LCI;393;Plains;;;;;;;
LCI;394;Plains;;;;;;;
LCI;395;Island;;;;;;;
LCI;396;Island;;;;;;;
LCI;397;Swamp;;;;;;;
LCI;398;Swamp;;;;;;;
LCI;399;Mountain;;;;;;;
LCI;400;Mountain;;;;;;;
LCI;401;Forest;;;;;;;
LCI;402;Forest;;;;;;;
REX;21;Plains // Plains;;;;;;;
REX;22;Island // Island;;;;;;;
REX;23;Swamp // Swamp;;;;;;;
REX;24;Mountain // Mountain;;;;;;;
REX;25;Forest // Forest;;;;;;;
PL24;5;Mountain;;;;;;;
MKM;272;Plains;;;;;;;
MKM;273;Island;;;;;;;
MKM;274;Swamp;;;;;;;
MKM;275;Mountain;;;;;;;
MKM;276;Forest;;;;;;;
MKM;277;Plains;;;;;;;
MKM;278;Plains;;;;;;;
MKM;279;Island;;;;;;;
MKM;280;Island;;;;;;;
MKM;281;Swamp;;;;;;;
MKM;282;Swamp;;;;;;;
MKM;283;Mountain;;;;;;;
MKM;284;Mountain;;;;;;;
MKM;285;Forest;;;;;;;
MKM;286;Forest;;;;;;;
PSS4;1;Plains;;;;;;;
PSS4;2;Island;;;;;;;
PSS4;3;Swamp;;;;;;;
PSS4;4;Mountain;;;;;;;
PSS4;5;Forest;;;;;;;
CLU;254;Plains;;;;;;;
CLU;255;Plains;;;;;;;
CLU;256;Plains;;;;;;;
CLU;257;Plains;;;;;;;
CLU;258;Island;;;;;;;
CLU;259;Island;;;;;;;
CLU;260;Island;;;;;;;
CLU;261;Island;;;;;;;
CLU;262;Swamp;;;;;;;
CLU;263;Swamp;;;;;;;
CLU;264;Swamp;;;;;;;
CLU;265;Swamp;;;;;;;
CLU;266;Mountain;;;;;;;
CLU;267;Mountain;;;;;;;
CLU;268;Mountain;;;;;;;
CLU;269;Mountain;;;;;;;
CLU;270;Forest;;;;;;;
CLU;271;Forest;;;;;;;
CLU;272;Forest;;;;;;;
CLU;273;Forest;;;;;;;
PIP;317;Plains;;;;;;;
PIP;318;Plains;;;;;;;
PIP;319;Island;;;;;;;
PIP;320;Island;;;;;;;
PIP;321;Swamp;;;;;;;
PIP;322;Swamp;;;;;;;
PIP;323;Mountain;;;;;;;
PIP;324;Mountain;;;;;;;
PIP;325;Forest;;;;;;;
PIP;326;Forest;;;;;;;
PIP;845;Plains;;;;;;;
PIP;846;Plains;;;;;;;
PIP;847;Island;;;;;;;
PIP;848;Island;;;;;;;
PIP;849;Swamp;;;;;;;
PIP;850;Swamp;;;;;;;
PIP;851;Mountain;;;;;;;
PIP;852;Mountain;;;;;;;
PIP;853;Forest;;;;;;;
PIP;854;Forest;;;;;;;
SLD;795;Wastes;;;;;;;
SLD;795★;Wastes;;;;;;;
OTJ;272;Plains;;;;;;;
OTJ;273;Island;;;;;;;
OTJ;274;Swamp;;;;;;;
OTJ;275;Mountain;;;;;;;
OTJ;276;Forest;;;;;;;
OTJ;277;Plains;;;;;;;
OTJ;278;Plains;;;;;;;
OTJ;279;Island;;;;;;;
OTJ;280;Island;;;;;;;
OTJ;281;Swamp;;;;;;;
OTJ;282;Swamp;;;;;;;
OTJ;283;Mountain;;;;;;;
OTJ;284;Mountain;;;;;;;
OTJ;285;Forest;;;;;;;
OTJ;286;Forest;;;;;;;
M3C;408;Wastes;;;;;;;
MH3;229;Snow-Covered Wastes;;;;;;;
MH3;304;Plains;;;;;;;
MH3;305;Island;;;;;;;
MH3;306;Swamp;;;;;;;
MH3;307;Mountain;;;;;;;
MH3;308;Forest;;;;;;;
MH3;309;Snow-Covered Wastes;;;;;;;
MH3;310;Plains;;;;;;;
MH3;311;Plains;;;;;;;
MH3;312;Island;;;;;;;
MH3;313;Island;;;;;;;
MH3;314;Swamp;;;;;;;
MH3;315;Swamp;;;;;;;
MH3;316;Mountain;;;;;;;
MH3;317;Mountain;;;;;;;
MH3;318;Forest;;;;;;;
MH3;319;Forest;;;;;;;
MH3;439;Snow-Covered Wastes;;;;;;;
MH3;497;Plains;;;;;;;
MH3;498;Plains;;;;;;;
MH3;499;Island;;;;;;;
MH3;500;Island;;;;;;;
MH3;501;Swamp;;;;;;;
MH3;502;Swamp;;;;;;;
MH3;503;Mountain;;;;;;;
MH3;504;Mountain;;;;;;;
MH3;505;Forest;;;;;;;
MH3;506;Forest;;;;;;;
ACR;101;Plains;;;;;;;
ACR;102;Plains;;;;;;;
ACR;103;Island;;;;;;;
ACR;104;Island;;;;;;;
ACR;105;Swamp;;;;;;;
ACR;106;Swamp;;;;;;;
ACR;107;Mountain;;;;;;;
ACR;108;Mountain;;;;;;;
ACR;109;Forest;;;;;;;
ACR;110;Forest;;;;;;;
ACR;302;Plains;;;;;;;
ACR;303;Island;;;;;;;
ACR;304;Swamp;;;;;;;
ACR;305;Mountain;;;;;;;
BLB;262;Plains;;;;;;;
BLB;263;Plains;;;;;;;
BLB;264;Plains;;;;;;;
BLB;265;Plains;;;;;;;
BLB;266;Island;;;;;;;
BLB;267;Island;;;;;;;
BLB;268;Island;;;;;;;
BLB;269;Island;;;;;;;
BLB;270;Swamp;;;;;;;
BLB;271;Swamp;;;;;;;
BLB;272;Swamp;;;;;;;
BLB;273;Swamp;;;;;;;
BLB;274;Mountain;;;;;;;
BLB;275;Mountain;;;;;;;
BLB;276;Mountain;;;;;;;
BLB;277;Mountain;;;;;;;
BLB;278;Forest;;;;;;;
BLB;279;Forest;;;;;;;
BLB;280;Forest;;;;;;;
BLB;281;Forest;;;;;;;
BLB;369;Plains;;;;;;;
BLB;370;Plains;;;;;;;
BLB;371;Island;;;;;;;
BLB;372;Island;;;;;;;
BLB;373;Swamp;;;;;;;
BLB;374;Swamp;;;;;;;
BLB;375;Mountain;;;;;;;
BLB;376;Mountain;;;;;;;
BLB;377;Forest;;;;;;;
BLB;378;Forest;;;;;;;
MB2;116;Snow-Covered Plains;;;;;;;
MB2;117;Snow-Covered Island;;;;;;;
MB2;118;Snow-Covered Swamp;;;;;;;
MB2;119;Snow-Covered Mountain;;;;;;;
MB2;120;Snow-Covered Forest;;;;;;;
MB2;121;Snow-Covered Wastes;;;;;;;
SLP;31;Plains;;;;;;;
DSK;272;Plains;;;;;;;
DSK;273;Island;;;;;;;
DSK;274;Swamp;;;;;;;
DSK;275;Mountain;;;;;;;
DSK;276;Forest;;;;;;;
DSK;277;Plains;;;;;;;
DSK;278;Plains;;;;;;;
DSK;279;Island;;;;;;;
DSK;280;Island;;;;;;;
DSK;281;Swamp;;;;;;;
DSK;282;Swamp;;;;;;;
DSK;283;Mountain;;;;;;;
DSK;284;Mountain;;;;;;;
DSK;285;Forest;;;;;;;
DSK;286;Forest;;;;;;;
FDN;272;Plains;;;;;;;
FDN;273;Plains;;;;;;;
FDN;274;Island;;;;;;;
FDN;275;Island;;;;;;;
FDN;276;Swamp;;;;;;;
FDN;277;Swamp;;;;;;;
FDN;278;Mountain;;;;;;;
FDN;279;Mountain;;;;;;;
FDN;280;Forest;;;;;;;
FDN;281;Forest;;;;;;;
FDN;282;Plains;;;;;;;
FDN;283;Plains;;;;;;;
FDN;284;Island;;;;;;;
FDN;285;Island;;;;;;;
FDN;286;Swamp;;;;;;;
FDN;287;Swamp;;;;;;;
FDN;288;Mountain;;;;;;;
FDN;289;Mountain;;;;;;;
FDN;290;Forest;;;;;;;
FDN;291;Forest;;;;;;;
J25;81;Plains;;;;;;;
J25;82;Plains;;;;;;;
J25;83;Plains;;;;;;;
J25;84;Island;;;;;;;
J25;85;Island;;;;;;;
J25;86;Island;;;;;;;
J25;87;Swamp;;;;;;;
J25;88;Swamp;;;;;;;
J25;89;Swamp;;;;;;;
J25;90;Mountain;;;;;;;
J25;91;Mountain;;;;;;;
J25;92;Mountain;;;;;;;
J25;93;Forest;;;;;;;
J25;94;Forest;;;;;;;
J25;95;Forest;;;;;;;
SLD;1478;Plains;;;;;;;
SLD;1479;Island;;;;;;;
SLD;1480;Swamp;;;;;;;
SLD;1481;Mountain;;;;;;;
SLD;1482;Forest;;;;;;;
INR;288;Plains;;;;;;;
INR;289;Plains;;;;;;;
INR;290;Island;;;;;;;
INR;291;Island;;;;;;;
INR;292;Swamp;;;;;;;
INR;293;Swamp;;;;;;;
INR;294;Mountain;;;;;;;
INR;295;Mountain;;;;;;;
INR;296;Forest;;;;;;;
INR;297;Forest;;;;;;;
DFT;272;Plains;;;;;;;
DFT;273;Island;;;;;;;
DFT;274;Swamp;;;;;;;
DFT;275;Mountain;;;;;;;
DFT;276;Forest;;;;;;;
DFT;277;Plains;;;;;;;
DFT;278;Plains;;;;;;;
DFT;279;Plains;;;;;;;
DFT;280;Island;;;;;;;
DFT;281;Island;;;;;;;
DFT;282;Island;;;;;;;
DFT;283;Swamp;;;;;;;
DFT;284;Swamp;;;;;;;
DFT;285;Swamp;;;;;;;
DFT;286;Mountain;;;;;;;
DFT;287;Mountain;;;;;;;
DFT;288;Mountain;;;;;;;
DFT;289;Forest;;;;;;;
DFT;290;Forest;;;;;;;
DFT;291;Forest;;;;;;;
DFT;507;Plains;;;;;;;
DFT;508;Island;;;;;;;
DFT;509;Swamp;;;;;;;
DFT;510;Mountain;;;;;;;
DFT;511;Forest;;;;;;;
DFT;512;Plains;;;;;;;
DFT;513;Island;;;;;;;
DFT;514;Swamp;;;;;;;
DFT;515;Mountain;;;;;;;
DFT;516;Forest;;;;;;;
PL25;6;Forest;;;;;;;
SLP;32;Island;;;;;;;
SLD;1939;Plains;;;;;;;
SLD;1940;Island;;;;;;;
SLD;1941;Swamp;;;;;;;
SLD;1942;Mountain;;;;;;;
SLD;1943;Forest;;;;;;;
PLG25;2;Wastes;;;;;;;
TDM;272;Plains;;;;;;;
TDM;273;Island;;;;;;;
TDM;274;Swamp;;;;;;;
TDM;275;Mountain;;;;;;;
TDM;276;Forest;;;;;;;
TDM;277;Plains;;;;;;;
TDM;278;Plains;;;;;;;
TDM;279;Island;;;;;;;
TDM;280;Island;;;;;;;
TDM;281;Swamp;;;;;;;
TDM;282;Swamp;;;;;;;
TDM;283;Mountain;;;;;;;
TDM;284;Mountain;;;;;;;
TDM;285;Forest;;;;;;;
TDM;286;Forest;;;;;;;
TDM;287;Plains;;;;;;;
TDM;288;Island;;;;;;;
TDM;289;Swamp;;;;;;;
TDM;290;Mountain;;;;;;;
TDM;291;Forest;;;;;;;
SLD;2076;Plains;;;;;;;
SLD;2077;Island;;;;;;;
SLD;2078;Swamp;;;;;;;
SLD;2079;Mountain;;;;;;;
SLD;2080;Forest;;;;;;;
FIN;294;Plains;;;;;;;
FIN;295;Plains;;;;;;;
FIN;296;Plains;;;;;;;
FIN;297;Island;;;;;;;
FIN;298;Island;;;;;;;
FIN;299;Island;;;;;;;
FIN;300;Swamp;;;;;;;
FIN;301;Swamp;;;;;;;
FIN;302;Swamp;;;;;;;
FIN;303;Mountain;;;;;;;
FIN;304;Mountain;;;;;;;
FIN;305;Mountain;;;;;;;
FIN;306;Forest;;;;;;;
FIN;307;Forest;;;;;;;
FIN;308;Forest;;;;;;;
FIN;309;Wastes;;;;;;;
FIN;572;Plains;;;;;;;
FIN;573;Island;;;;;;;
FIN;574;Swamp;;;;;;;
FIN;575;Mountain;;;;;;;
FIN;576;Forest;;;;;;;
SLP;33;Swamp;;;;;;;
SLD;888;Plains;;;;;;;
SLD;889;Island;;;;;;;
SLD;890;Swamp;;;;;;;
SLD;891;Mountain;;;;;;;
SLD;892;Forest;;;;;;;
EOC;191;Wastes;;;;;;;
EOE;262;Plains;;;;;;;
EOE;263;Island;;;;;;;
EOE;264;Swamp;;;;;;;
EOE;265;Mountain;;;;;;;
EOE;266;Forest;;;;;;;
EOE;267;Plains;;;;;;;
EOE;268;Plains;;;;;;;
EOE;269;Island;;;;;;;
EOE;270;Island;;;;;;;
EOE;271;Swamp;;;;;;;
EOE;272;Swamp;;;;;;;
EOE;273;Mountain;;;;;;;
EOE;274;Mountain;;;;;;;
EOE;275;Forest;;;;;;;
EOE;276;Forest;;;;;;;
EOE;367;Plains;;;;;;;
EOE;368;Island;;;;;;;
EOE;369;Swamp;;;;;;;
EOE;370;Mountain;;;;;;;
EOE;371;Forest;;;;;;;
SLD;1950;Plains;;;;;;;
SLD;1951;Island;;;;;;;
SLD;1952;Swamp;;;;;;;
SLD;1953;Mountain;;;;;;;
SLD;1954;Forest;;;;;;;
SLD;1945;Plains;;;;;;;
SLD;1946;Island;;;;;;;
SLD;1947;Swamp;;;;;;;
SLD;1948;Mountain;;;;;;;
SLD;1949;Forest;;;;;;;
SLP;34;Mountain;;;;;;;
SPM;189;Plains;;;;;;;
SPM;190;Island;;;;;;;
SPM;191;Swamp;;;;;;;
SPM;192;Mountain;;;;;;;
SPM;193;Forest;;;;;;;
SPM;194;Plains;;;;;;;
SPM;195;Island;;;;;;;
SPM;196;Swamp;;;;;;;
SPM;197;Mountain;;;;;;;
SPM;198;Forest;;;;;;;
TLA;282;Plains;;;;;;;
TLA;283;Island;;;;;;;
TLA;284;Swamp;;;;;;;
TLA;285;Mountain;;;;;;;
TLA;286;Forest;;;;;;;
TLA;287;Plains;;;;;;;
TLA;288;Island;;;;;;;
TLA;289;Swamp;;;;;;;
TLA;290;Mountain;;;;;;;
TLA;291;Forest;;;;;;;
TLA;292;Plains;;;;;;;
TLA;293;Island;;;;;;;
TLA;294;Swamp;;;;;;;
TLA;295;Mountain;;;;;;;
TLA;296;Forest;;;;;;;
TLE;289;Mountain;;;;;;;
TLE;290;Mountain;;;;;;;
TLE;291;Mountain;;;;;;;
TLE;292;Mountain;;;;;;;
TLE;293;Mountain;;;;;;;
TLE;294;Mountain;;;;;;;
TLE;295;Mountain;;;;;;;
TLE;296;Mountain;;;;;;;
TLE;297;Plains;;;;;;;
TLE;298;Plains;;;;;;;
TLE;299;Plains;;;;;;;
TLE;300;Plains;;;;;;;
TLE;301;Plains;;;;;;;
TLE;302;Plains;;;;;;;
TLE;303;Plains;;;;;;;
TLE;304;Plains;;;;;;;
SLD;2144;Island;;;;;;;
SLD;2145;Island;;;;;;;
SLD;2146;Island;;;;;;;
SLD;2147;Island;;;;;;;
FIC;478;Plains;;;;;;;
FIC;479;Island;;;;;;;
FIC;480;Swamp;;;;;;;
FIC;481;Mountain;;;;;;;
FIC;482;Forest;;;;;;;
ECL;269;Plains;;;;;;;
ECL;270;Island;;;;;;;
ECL;271;Swamp;;;;;;;
ECL;272;Mountain;;;;;;;
ECL;273;Forest;;;;;;;
ECL;274;Plains;;;;;;;
ECL;275;Island;;;;;;;
ECL;276;Swamp;;;;;;;
ECL;277;Mountain;;;;;;;
ECL;278;Forest;;;;;;;
ECL;279;Plains;;;;;;;
ECL;280;Island;;;;;;;
ECL;281;Swamp;;;;;;;
ECL;282;Mountain;;;;;;;
ECL;283;Forest;;;;;;;
SLD;2509;Plains;;;;;;;
SLD;2510;Island;;;;;;;
SLD;2511;Swamp;;;;;;;
SLD;2512;Mountain;;;;;;;
SLD;2513;Forest;;;;;;;
PL26;5;Plains;;;;;;;
TMT;191;Plains;;;;;;;
TMT;192;Island;;;;;;;
TMT;193;Swamp;;;;;;;
TMT;194;Mountain;;;;;;;
TMT;195;Forest;;;;;;;
TMT;253;Plains;;;;;;;
TMT;254;Island;;;;;;;
TMT;255;Swamp;;;;;;;
TMT;256;Mountain;;;;;;;
TMT;257;Forest;;;;;;;
TMT;305;Plains;;;;;;;
TMT;306;Island;;;;;;;
TMT;307;Swamp;;;;;;;
TMT;308;Mountain;;;;;;;
TMT;309;Forest;;;;;;;
TMT;310;Plains;;;;;;;
TMT;311;Island;;;;;;;
TMT;312;Swamp;;;;;;;
TMT;313;Mountain;;;;;;;
TMT;314;Forest;;;;;;;
TMT;315;Plains;;;;;;;
TMT;316;Island;;;;;;;
TMT;317;Swamp;;;;;;;
TMT;318;Mountain;;;;;;;
TMT;319;Forest;;;;;;;
SOS;267;Plains;;;;;;;
SOS;268;Island;;;;;;;
SOS;269;Swamp;;;;;;;
SOS;270;Mountain;;;;;;;
SOS;271;Forest;;;;;;;
SOS;272;Plains;;;;;;;
SOS;273;Plains;;;;;;;
SOS;274;Island;;;;;;;
SOS;275;Island;;;;;;;
SOS;276;Swamp;;;;;;;
SOS;277;Swamp;;;;;;;
SOS;278;Mountain;;;;;;;
SOS;279;Mountain;;;;;;;
SOS;280;Forest;;;;;;;
SOS;281;Forest;;;;;;;
SLP;35;Forest;;;;;;;
